domain,phylum,class,order,family,genus,species,L,R,S,kit_id
Bacteria,Acidobacteria,Acidobacteria-6,iii1-15,RB40,Unknown genus4,Unknown species1,0,0,0,50
Bacteria,Acidobacteria,Acidobacteria-6,iii1-15,Unknown family,Unknown genus112,Unknown species12,0,0,0.001329,50
Bacteria,Acidobacteria,Acidobacteria-6,iii1-15,Unknown family,Unknown genus128,Unknown species8,0,0,0,50
Bacteria,Acidobacteria,Acidobacteria-6,iii1-15,Unknown family,Unknown genus136,Unknown species4,0,0,0.000743,50
Bacteria,Acidobacteria,Acidobacteria-6,iii1-15,Unknown family,Unknown genus139,Unknown species2,0,0,0,50
Bacteria,Acidobacteria,Acidobacteria-6,iii1-15,Unknown family,Unknown genus217,Unknown species4,0,0,0,50
Bacteria,Acidobacteria,Acidobacteria-6,iii1-15,Unknown family,Unknown genus348,Unknown species4,0,0,0.000391,50
Bacteria,Acidobacteria,Acidobacteria-6,iii1-15,Unknown family,Unknown genus459,Unknown species1,0,0,0,50
Bacteria,Acidobacteria,Acidobacteria-6,iii1-15,Unknown family,Unknown genus473,Unknown species1,0,0,0.006343,50
Bacteria,Acidobacteria,Acidobacteria-6,iii1-15,Unknown family,Unknown genus534,Unknown species8,0,0,0,50
Bacteria,Acidobacteria,Acidobacteria-6,iii1-15,Unknown family,Unknown genus581,Unknown species6,0,0,0.001935,50
Bacteria,Acidobacteria,Acidobacteria-6,iii1-15,Unknown family,Unknown genus600,Unknown species3,0,0,0,50
Bacteria,Acidobacteria,Acidobacteria-6,iii1-15,Unknown family,Unknown genus600,Unknown species8,0,0,0,50
Bacteria,Acidobacteria,Acidobacteria-6,iii1-15,Unknown family,Unknown genus613,Unknown species2,0,0,0.0004,50
Bacteria,Acidobacteria,Acidobacteria-6,iii1-15,Unknown family,Unknown genus624,Unknown species9,0,0,0,50
Bacteria,Acidobacteria,Acidobacteria-6,iii1-15,Unknown family,Unknown genus632,Unknown species6,0,0,0,50
Bacteria,Acidobacteria,Acidobacteria-6,iii1-15,Unknown family,Unknown genus650,Unknown species2,0,0,0.00109,50
Bacteria,Acidobacteria,Acidobacteria-6,iii1-15,Unknown family,Unknown genus671,Unknown species4,0,0,0,50
Bacteria,Acidobacteria,Acidobacteria-6,iii1-15,Unknown family,Unknown genus681,Unknown species1,0,0,0.001278,50
Bacteria,Acidobacteria,Acidobacteria-6,iii1-15,Unknown family,Unknown genus720,Unknown species5,0,0,0.000294,50
Bacteria,Acidobacteria,Acidobacteria-6,iii1-15,Unknown family,Unknown genus744,Unknown species6,0,0,0.000384,50
Bacteria,Acidobacteria,Acidobacteria-6,iii1-15,Unknown family,Unknown genus75,Unknown species1,0,0,0,50
Bacteria,Acidobacteria,Acidobacteria-6,iii1-15,Unknown family,Unknown genus772,Unknown species2,0,0,0,50
Bacteria,Acidobacteria,Acidobacteria-6,iii1-15,mb2424,Unknown genus17,Unknown species5,0,0,0.000248,50
Bacteria,Acidobacteria,Acidobacteria-6,iii1-15,mb2424,Unknown genus73,Unknown species12,0,0,0,50
Bacteria,Acidobacteria,Acidobacteria-6,iii1-15,mb2424,Unknown genus73,Unknown species8,0,0.00172,0.002354,50
Bacteria,Acidobacteria,Acidobacteria-6,iii1-15,mb2424,Unknown genus9,Unknown species3,0,0,0,50
Bacteria,Acidobacteria,Acidobacteriia,Acidobacteriales,Acidobacteriaceae,Unknown genus127,Unknown species7,0,0,0,50
Bacteria,Acidobacteria,Acidobacteriia,Acidobacteriales,Acidobacteriaceae,Unknown genus74,Unknown species4,0,0,0,50
Bacteria,Acidobacteria,Acidobacteriia,Acidobacteriales,Acidobacteriaceae,Edaphobacter,Unknown species85,0,0,0,50
Bacteria,Acidobacteria,Acidobacteriia,Acidobacteriales,Acidobacteriaceae,Edaphobacter,Unknown species87,0,0,0,50
Bacteria,Acidobacteria,Acidobacteriia,Acidobacteriales,Acidobacteriaceae,Edaphobacter,Unknown species97,0,0,0,50
Bacteria,Acidobacteria,Chloracidobacteria,24-נוב,Unknown family,Unknown genus35,Unknown species2,0,0,0,50
Bacteria,Acidobacteria,Chloracidobacteria,PK29,Unknown family,Unknown genus38,Unknown species1,0,0,0,50
Bacteria,Acidobacteria,Chloracidobacteria,RB41,Ellin6075,Unknown genus36,Unknown species7,0,0,0.000287,50
Bacteria,Acidobacteria,Chloracidobacteria,RB41,Unknown family,Unknown genus139,Unknown species1,0,0,0,50
Bacteria,Acidobacteria,Chloracidobacteria,RB41,Unknown family,Unknown genus20,Unknown species8,0,0.001032,0,50
Bacteria,Acidobacteria,Chloracidobacteria,RB41,Unknown family,Unknown genus205,Unknown species1,0,0,0,50
Bacteria,Acidobacteria,Chloracidobacteria,RB41,Unknown family,Unknown genus219,Unknown species3,0,0,0.00049,50
Bacteria,Acidobacteria,Chloracidobacteria,RB41,Unknown family,Unknown genus37,Unknown species14,0,0,0,50
Bacteria,Acidobacteria,Chloracidobacteria,RB41,Unknown family,Unknown genus37,Unknown species19,0,0,0.000498,50
Bacteria,Acidobacteria,Chloracidobacteria,RB41,Unknown family,Unknown genus7,Unknown species3,0,0,0.000081,50
Bacteria,Acidobacteria,Solibacteres,Solibacterales,Solibacteraceae,Unknown genus100,Unknown species1,0,0,0,50
Bacteria,Acidobacteria,Solibacteres,Solibacterales,Solibacteraceae,Unknown genus173,Unknown species2,0,0,0,50
Bacteria,Acidobacteria,Solibacteres,Solibacterales,Unknown family,Unknown genus36,Unknown species3,0,0,0.005202,50
Bacteria,Acidobacteria,Sva0725,Sva0725,Unknown family,Unknown genus169,Unknown species1,0,0,0,50
Bacteria,Acidobacteria,Sva0725,Sva0725,Unknown family,Unknown genus17,Unknown species1,0,0,0.005532,50
Bacteria,Actinobacteria,Acidimicrobiia,Acidimicrobiales,AKIW874,Unknown genus1,Unknown species2,0,0,0,50
Bacteria,Actinobacteria,Acidimicrobiia,Acidimicrobiales,EB1017,Unknown genus40,Unknown species4,0,0,0,50
Bacteria,Actinobacteria,Acidimicrobiia,Acidimicrobiales,Iamiaceae,Iamia,Unknown species35,0,0,0.00134,50
Bacteria,Actinobacteria,Acidimicrobiia,Acidimicrobiales,Unknown family,Unknown genus291,Unknown species2,0,0,0,50
Bacteria,Actinobacteria,Acidimicrobiia,Acidimicrobiales,Unknown family,Unknown genus32,Unknown species2,0,0,0,50
Bacteria,Actinobacteria,Acidimicrobiia,Acidimicrobiales,Unknown family,Unknown genus323,Unknown species1,0,0,0.000271,50
Bacteria,Actinobacteria,Acidimicrobiia,Acidimicrobiales,Unknown family,Unknown genus329,Unknown species2,0,0,0,50
Bacteria,Actinobacteria,Acidimicrobiia,Acidimicrobiales,Unknown family,Unknown genus76,Unknown species1,0,0,0.000576,50
Bacteria,Actinobacteria,Actinobacteria,Acidimicrobiales,Acidimicrobiaceae,Ilumatobacter,Unknown species196,0,0,0,50
Bacteria,Actinobacteria,Actinobacteria,Acidimicrobiales,Acidimicrobiaceae,Ilumatobacter,Unknown species207,0,0,0.000384,50
Bacteria,Actinobacteria,Actinobacteria,Acidimicrobiales,Acidimicrobiaceae,Ilumatobacter,Unknown species220,0,0,0.000231,50
Bacteria,Actinobacteria,Actinobacteria,Acidimicrobiales,Iamiaceae,Iamia,Unknown species136,0,0,0.000229,50
Bacteria,Actinobacteria,Actinobacteria,Actinomycetales,Actinospicaceae,Actinospica,Actinospica acidiphila,0,0,0,50
Bacteria,Actinobacteria,Actinobacteria,Actinomycetales,Actinospicaceae,Actinospica,Actinospica robiniae,0,0,0,50
Bacteria,Actinobacteria,Actinobacteria,Actinomycetales,Actinospicaceae,Actinospica,Unknown species10,0,0,0,50
Bacteria,Actinobacteria,Actinobacteria,Actinomycetales,Actinospicaceae,Actinospica,Unknown species14,0,0,0,50
Bacteria,Actinobacteria,Actinobacteria,Actinomycetales,Actinosynnemataceae,Lentzea,Lentzea albidocapillata,0,0,0.002174,50
Bacteria,Actinobacteria,Actinobacteria,Actinomycetales,Actinosynnemataceae,Lentzea,Lentzea violacea,0,0,0.001856,50
Bacteria,Actinobacteria,Actinobacteria,Actinomycetales,Actinosynnemataceae,Saccharothrix,Unknown species15,0,0,0.001214,50
Bacteria,Actinobacteria,Actinobacteria,Actinomycetales,Cellulomonadaceae,Cellulomonas,Unknown species12,0,0,0.001682,50
Bacteria,Actinobacteria,Actinobacteria,Actinomycetales,Cellulomonadaceae,Cellulomonas,Unknown species2,0,0,0,50
Bacteria,Actinobacteria,Actinobacteria,Actinomycetales,Cellulomonadaceae,Cellulomonas,Unknown species21,0,0,0.003978,50
Bacteria,Actinobacteria,Actinobacteria,Actinomycetales,Cellulomonadaceae,Cellulomonas,Unknown species29,0,0,0,50
Bacteria,Actinobacteria,Actinobacteria,Actinomycetales,Cellulomonadaceae,Cellulomonas,Unknown species3,0,0,0.000627,50
Bacteria,Actinobacteria,Actinobacteria,Actinomycetales,Cellulomonadaceae,Cellulomonas,Unknown species9,0,0,0,50
Bacteria,Actinobacteria,Actinobacteria,Actinomycetales,Cellulomonadaceae,Cellulomonas,Cellulomonas aerilata,0,0,0.003623,50
Bacteria,Actinobacteria,Actinobacteria,Actinomycetales,Cellulomonadaceae,Cellulomonas,Cellulomonas cellasea,0,0,0.002086,50
Bacteria,Actinobacteria,Actinobacteria,Actinomycetales,Cellulomonadaceae,Cellulomonas,Cellulomonas chitinilytica,0,0,0,50
Bacteria,Actinobacteria,Actinobacteria,Actinomycetales,Cellulomonadaceae,Cellulomonas,Cellulomonas composti,0,0,0.000132,50
Bacteria,Actinobacteria,Actinobacteria,Actinomycetales,Cellulomonadaceae,Cellulomonas,Cellulomonas fimi,0,0,0.008707,50
Bacteria,Actinobacteria,Actinobacteria,Actinomycetales,Cellulomonadaceae,Cellulomonas,Cellulomonas hominis,0,0,0,50
Bacteria,Actinobacteria,Actinobacteria,Actinomycetales,Cellulomonadaceae,Cellulomonas,Cellulomonas massiliensis,0,0,0,50
Bacteria,Actinobacteria,Actinobacteria,Actinomycetales,Cellulomonadaceae,Cellulomonas,Cellulomonas oligotrophica,0,0,0,50
Bacteria,Actinobacteria,Actinobacteria,Actinomycetales,Cellulomonadaceae,Cellulomonas,Cellulomonas uda,0,0,0,50
Bacteria,Actinobacteria,Actinobacteria,Actinomycetales,Cellulomonadaceae,Cellulomonas,Cellulomonas xylanilytica,0,0.005287,0,50
Bacteria,Actinobacteria,Actinobacteria,Actinomycetales,Corynebacteriaceae,Corynebacterium,Unknown species1715,0,0,0,50
Bacteria,Actinobacteria,Actinobacteria,Actinomycetales,Corynebacteriaceae,Corynebacterium,Unknown species1740,0,0,0,50
Bacteria,Actinobacteria,Actinobacteria,Actinomycetales,Corynebacteriaceae,Corynebacterium,Unknown species1899,0,0,0,50
Bacteria,Actinobacteria,Actinobacteria,Actinomycetales,Cryptosporangiaceae,Cryptosporangium,Cryptosporangium japonicum,0,0,0.005972,50
Bacteria,Actinobacteria,Actinobacteria,Actinomycetales,Geodermatophilaceae,Blastococcus,Unknown species13,0,0,0,50
Bacteria,Actinobacteria,Actinobacteria,Actinomycetales,Geodermatophilaceae,Blastococcus,Unknown species24,0,0,0.008495,50
Bacteria,Actinobacteria,Actinobacteria,Actinomycetales,Geodermatophilaceae,Blastococcus,Unknown species3,0,0,0.00509,50
Bacteria,Actinobacteria,Actinobacteria,Actinomycetales,Geodermatophilaceae,Blastococcus,Unknown species35,0,0,0.0006,50
Bacteria,Actinobacteria,Actinobacteria,Actinomycetales,Geodermatophilaceae,Blastococcus,Unknown species36,0,0,0.000836,50
Bacteria,Actinobacteria,Actinobacteria,Actinomycetales,Geodermatophilaceae,Blastococcus,Unknown species41,0,0,0.001047,50
Bacteria,Actinobacteria,Actinobacteria,Actinomycetales,Geodermatophilaceae,Blastococcus,Unknown species43,0,0,0.008338,50
Bacteria,Actinobacteria,Actinobacteria,Actinomycetales,Geodermatophilaceae,Blastococcus,Unknown species48,0,0,0,50
Bacteria,Actinobacteria,Actinobacteria,Actinomycetales,Geodermatophilaceae,Blastococcus,Unknown species8,0,0,0.001498,50
Bacteria,Actinobacteria,Actinobacteria,Actinomycetales,Geodermatophilaceae,Blastococcus,Blastococcus aggregatus,0,0,0.029296,50
Bacteria,Actinobacteria,Actinobacteria,Actinomycetales,Geodermatophilaceae,Blastococcus,Blastococcus saxobsidens,0,0,0.002913,50
Bacteria,Actinobacteria,Actinobacteria,Actinomycetales,Geodermatophilaceae,Geodermatophilus,Unknown species26,0,0,0.003706,50
Bacteria,Actinobacteria,Actinobacteria,Actinomycetales,Geodermatophilaceae,Geodermatophilus,Geodermatophilus arenarius,0,0,0,50
Bacteria,Actinobacteria,Actinobacteria,Actinomycetales,Geodermatophilaceae,Geodermatophilus,Geodermatophilus nigrescens,0,0,0.005307,50
Bacteria,Actinobacteria,Actinobacteria,Actinomycetales,Geodermatophilaceae,Geodermatophilus,Geodermatophilus obscurus,0,0,0.023986,50
Bacteria,Actinobacteria,Actinobacteria,Actinomycetales,Geodermatophilaceae,Geodermatophilus,Geodermatophilus saharensis,0,0,0.002167,50
Bacteria,Actinobacteria,Actinobacteria,Actinomycetales,Geodermatophilaceae,Modestobacter,Modestobacter marinus,0,0,0.006502,50
Bacteria,Actinobacteria,Actinobacteria,Actinomycetales,Intrasporangiaceae,Janibacter,Janibacter limosus,0,0,0.000234,50
Bacteria,Actinobacteria,Actinobacteria,Actinomycetales,Intrasporangiaceae,Janibacter,Janibacter terrae,0,0,0,50
Bacteria,Actinobacteria,Actinobacteria,Actinomycetales,Intrasporangiaceae,Phycicoccus,Unknown species29,0,0,0.001104,50
Bacteria,Actinobacteria,Actinobacteria,Actinomycetales,Microbacteriaceae,Agromyces,Agromyces aurantiacus,0,0,0,50
Bacteria,Actinobacteria,Actinobacteria,Actinomycetales,Microbacteriaceae,Agromyces,Agromyces mediolanus,0,0,0,50
Bacteria,Actinobacteria,Actinobacteria,Actinomycetales,Microbacteriaceae,Agromyces,Agromyces ramosus,0,0,0,50
Bacteria,Actinobacteria,Actinobacteria,Actinomycetales,Microbacteriaceae,Agromyces,Unknown species28,0,0.003353,0,50
Bacteria,Actinobacteria,Actinobacteria,Actinomycetales,Microbacteriaceae,Agromyces,Unknown species35,0,0,0,50
Bacteria,Actinobacteria,Actinobacteria,Actinomycetales,Microbacteriaceae,Agromyces,Unknown species4,0,0,0.002745,50
Bacteria,Actinobacteria,Actinobacteria,Actinomycetales,Microbacteriaceae,Amnibacterium,Unknown species13,0,0,0.000597,50
Bacteria,Actinobacteria,Actinobacteria,Actinomycetales,Microbacteriaceae,Clavibacter,Clavibacter michiganensis,0.026896,0.000516,0.000513,50
Bacteria,Actinobacteria,Actinobacteria,Actinomycetales,Microbacteriaceae,Cryobacterium,Unknown species12,0,0,0.012832,50
Bacteria,Actinobacteria,Actinobacteria,Actinomycetales,Microbacteriaceae,Cryocola,Cryocola Unknown,0,0,0,50
Bacteria,Actinobacteria,Actinobacteria,Actinomycetales,Microbacteriaceae,Curtobacterium,Unknown species6,0,0,0,50
Bacteria,Actinobacteria,Actinobacteria,Actinomycetales,Microbacteriaceae,Curtobacterium,Curtobacterium flaccumfaciens,0,0,0,50
Bacteria,Actinobacteria,Actinobacteria,Actinomycetales,Microbacteriaceae,Curtobacterium,Curtobacterium luteum,0,0,0,50
Bacteria,Actinobacteria,Actinobacteria,Actinomycetales,Microbacteriaceae,Gryllotalpicola,Gryllotalpicola daejeonensis,0,0,0,50
Bacteria,Actinobacteria,Actinobacteria,Actinomycetales,Microbacteriaceae,Leifsonia,Lysinimonas soli,0,0,0.001597,50
Bacteria,Actinobacteria,Actinobacteria,Actinomycetales,Microbacteriaceae,Microbacterium,Unknown species151,0,0,0,50
Bacteria,Actinobacteria,Actinobacteria,Actinomycetales,Microbacteriaceae,Microbacterium,Unknown species6,0,0,0,50
Bacteria,Actinobacteria,Actinobacteria,Actinomycetales,Microbacteriaceae,Microbacterium,Microbacterium chocolatum,0,0,0,50
Bacteria,Actinobacteria,Actinobacteria,Actinomycetales,Microbacteriaceae,Microbacterium,Microbacterium esteraromaticum,0,0,0,50
Bacteria,Actinobacteria,Actinobacteria,Actinomycetales,Microbacteriaceae,Microbacterium,Microbacterium foliorum,0,0,0,50
Bacteria,Actinobacteria,Actinobacteria,Actinomycetales,Microbacteriaceae,Microbacterium,Microbacterium lacticum,0,0,0,50
Bacteria,Actinobacteria,Actinobacteria,Actinomycetales,Microbacteriaceae,Microbacterium,Microbacterium oxydans,0,0,0,50
Bacteria,Actinobacteria,Actinobacteria,Actinomycetales,Microbacteriaceae,Microbacterium,Microbacterium paraoxydans,0,0,0,50
Bacteria,Actinobacteria,Actinobacteria,Actinomycetales,Microbacteriaceae,Microbacterium,Microbacterium pumilum,0,0,0.000688,50
Bacteria,Actinobacteria,Actinobacteria,Actinomycetales,Microbacteriaceae,Microbacterium,Microbacterium yannicii,0,0,0,50
Bacteria,Actinobacteria,Actinobacteria,Actinomycetales,Microbacteriaceae,Salinibacterium,Unknown species40,0,0,0.005082,50
Bacteria,Actinobacteria,Actinobacteria,Actinomycetales,Microbacteriaceae,Salinibacterium,Unknown species5,0,0,0.000942,50
Bacteria,Actinobacteria,Actinobacteria,Actinomycetales,Microbacteriaceae,Salinibacterium,Unknown species58,0,0,0,50
Bacteria,Actinobacteria,Actinobacteria,Actinomycetales,Microbacteriaceae,Salinibacterium,Unknown species60,0,0,0,50
Bacteria,Actinobacteria,Actinobacteria,Actinomycetales,Microbacteriaceae,Salinibacterium,Salinibacterium xinjiangense,0,0,0,50
Bacteria,Actinobacteria,Actinobacteria,Actinomycetales,Micrococcaceae,Arthrobacter,Arthrobacter aurescens,0,0,0,50
Bacteria,Actinobacteria,Actinobacteria,Actinomycetales,Micrococcaceae,Arthrobacter,Arthrobacter crystallopoietes,0,0,0,50
Bacteria,Actinobacteria,Actinobacteria,Actinomycetales,Micrococcaceae,Arthrobacter,Arthrobacter defluvii,0,0,0,50
Bacteria,Actinobacteria,Actinobacteria,Actinomycetales,Micrococcaceae,Arthrobacter,Arthrobacter globiformis,0,0,0.013746,50
Bacteria,Actinobacteria,Actinobacteria,Actinomycetales,Micrococcaceae,Arthrobacter,Arthrobacter humicola,0,0,0,50
Bacteria,Actinobacteria,Actinobacteria,Actinomycetales,Micrococcaceae,Arthrobacter,Arthrobacter nitroguajacolicus,0,0,0,50
Bacteria,Actinobacteria,Actinobacteria,Actinomycetales,Micrococcaceae,Arthrobacter,Arthrobacter oryzae,0,0,0.008773,50
Bacteria,Actinobacteria,Actinobacteria,Actinomycetales,Micrococcaceae,Arthrobacter,Arthrobacter oxydans,0,0,0.002236,50
Bacteria,Actinobacteria,Actinobacteria,Actinomycetales,Micrococcaceae,Arthrobacter,Arthrobacter ramosus,0,0,0.005705,50
Bacteria,Actinobacteria,Actinobacteria,Actinomycetales,Micrococcaceae,Arthrobacter,Arthrobacter sulfonivorans,0,0,0,50
Bacteria,Actinobacteria,Actinobacteria,Actinomycetales,Micrococcaceae,Arthrobacter,Arthrobacter ureafaciens,0,0,0,50
Bacteria,Actinobacteria,Actinobacteria,Actinomycetales,Micrococcaceae,Arthrobacter,Unknown species167,0,0,0,50
Bacteria,Actinobacteria,Actinobacteria,Actinomycetales,Micrococcaceae,Arthrobacter,Unknown species189,0,0,0.000103,50
Bacteria,Actinobacteria,Actinobacteria,Actinomycetales,Micrococcaceae,Arthrobacter,Unknown species230,0,0,0.000784,50
Bacteria,Actinobacteria,Actinobacteria,Actinomycetales,Micrococcaceae,Arthrobacter,Unknown species246,0,0,0,50
Bacteria,Actinobacteria,Actinobacteria,Actinomycetales,Micrococcaceae,Arthrobacter,Unknown species313,0,0,0,50
Bacteria,Actinobacteria,Actinobacteria,Actinomycetales,Micrococcaceae,Arthrobacter,Unknown species314,0,0,0,50
Bacteria,Actinobacteria,Actinobacteria,Actinomycetales,Micrococcaceae,Arthrobacter,Unknown species83,0.000001,0,0,50
Bacteria,Actinobacteria,Actinobacteria,Actinomycetales,Micrococcaceae,Unknown genus22,Unknown species2,0.00802,0.00187,0,50
Bacteria,Actinobacteria,Actinobacteria,Actinomycetales,Micrococcaceae,Microbispora,Microbispora rosea,0,0,0.001746,50
Bacteria,Actinobacteria,Actinobacteria,Actinomycetales,Micrococcaceae,Micrococcus,Micrococcus luteus,0.002831,0,0,50
Bacteria,Actinobacteria,Actinobacteria,Actinomycetales,Micrococcaceae,Rothia,Rothia mucilaginosa,0,0,0,50
Bacteria,Actinobacteria,Actinobacteria,Actinomycetales,Micromonosporaceae,Actinoplanes,Actinoplanes brasiliensis,0,0,0.019619,50
Bacteria,Actinobacteria,Actinobacteria,Actinomycetales,Micromonosporaceae,Actinoplanes,Actinoplanes nipponensis,0,0,0.008857,50
Bacteria,Actinobacteria,Actinobacteria,Actinomycetales,Micromonosporaceae,Actinoplanes,Actinoplanes philippinensis,0,0,0.001502,50
Bacteria,Actinobacteria,Actinobacteria,Actinomycetales,Micromonosporaceae,Actinoplanes,Actinoplanes rectilineatus,0,0,0,50
Bacteria,Actinobacteria,Actinobacteria,Actinomycetales,Micromonosporaceae,Actinoplanes,Actinoplanes xinjiangensis,0,0,0,50
Bacteria,Actinobacteria,Actinobacteria,Actinomycetales,Micromonosporaceae,Actinoplanes,Unknown species24,0,0,0.002666,50
Bacteria,Actinobacteria,Actinobacteria,Actinomycetales,Micromonosporaceae,Actinoplanes,Unknown species4,0,0,0,50
Bacteria,Actinobacteria,Actinobacteria,Actinomycetales,Micromonosporaceae,Asanoa,Asanoa iriomotensis,0,0,0.004575,50
Bacteria,Actinobacteria,Actinobacteria,Actinomycetales,Micromonosporaceae,Catellatospora,Catellatospora chokoriensis,0,0,0.002099,50
Bacteria,Actinobacteria,Actinobacteria,Actinomycetales,Micromonosporaceae,Couchioplanes,Unknown species1,0,0,0.00067,50
Bacteria,Actinobacteria,Actinobacteria,Actinomycetales,Micromonosporaceae,Couchioplanes,Unknown species12,0,0,0.001104,50
Bacteria,Actinobacteria,Actinobacteria,Actinomycetales,Micromonosporaceae,Couchioplanes,Unknown species14,0,0,0,50
Bacteria,Actinobacteria,Actinobacteria,Actinomycetales,Micromonosporaceae,Couchioplanes,Unknown species4,0,0,0,50
Bacteria,Actinobacteria,Actinobacteria,Actinomycetales,Micromonosporaceae,Couchioplanes,Couchioplanes caeruleus,0,0,0.001221,50
Bacteria,Actinobacteria,Actinobacteria,Actinomycetales,Micromonosporaceae,Dactylosporangium,Unknown species1,0,0,0,50
Bacteria,Actinobacteria,Actinobacteria,Actinomycetales,Micromonosporaceae,Dactylosporangium,Dactylosporangium luteum,0,0,0,50
Bacteria,Actinobacteria,Actinobacteria,Actinomycetales,Micromonosporaceae,Dactylosporangium,Dactylosporangium maewongense,0,0,0.004662,50
Bacteria,Actinobacteria,Actinobacteria,Actinomycetales,Micromonosporaceae,Micromonospora,Micromonospora aurantiaca,0,0,0,50
Bacteria,Actinobacteria,Actinobacteria,Actinomycetales,Micromonosporaceae,Micromonospora,Micromonospora carbonacea,0.084934,0,0.002816,50
Bacteria,Actinobacteria,Actinobacteria,Actinomycetales,Micromonosporaceae,Micromonospora,Micromonospora chokoriensis,0,0,0.005516,50
Bacteria,Actinobacteria,Actinobacteria,Actinomycetales,Micromonosporaceae,Micromonospora,Micromonospora echinospora,0,0,0.001461,50
Bacteria,Actinobacteria,Actinobacteria,Actinomycetales,Micromonosporaceae,Micromonospora,Micromonospora tulbaghiae,0,0,0,50
Bacteria,Actinobacteria,Actinobacteria,Actinomycetales,Micromonosporaceae,Micromonospora,Micromonospora wenchangensis,0,0,0,50
Bacteria,Actinobacteria,Actinobacteria,Actinomycetales,Micromonosporaceae,Verrucosispora,Verrucosispora gifhornensis,0,0.023794,0,50
Bacteria,Actinobacteria,Actinobacteria,Actinomycetales,Micromonosporaceae,Virgisporangium,Virgisporangium ochraceum,0,0,0,50
Bacteria,Actinobacteria,Actinobacteria,Actinomycetales,Mycobacteriaceae,Mycobacterium,Unknown species110,0.009812,0.24074,0,50
Bacteria,Actinobacteria,Actinobacteria,Actinomycetales,Mycobacteriaceae,Mycobacterium,Unknown species145,0,0,0.001109,50
Bacteria,Actinobacteria,Actinobacteria,Actinomycetales,Mycobacteriaceae,Mycobacterium,Unknown species177,0.015668,0,0,50
Bacteria,Actinobacteria,Actinobacteria,Actinomycetales,Mycobacteriaceae,Mycobacterium,Unknown species21,0,0,0.001781,50
Bacteria,Actinobacteria,Actinobacteria,Actinomycetales,Mycobacteriaceae,Mycobacterium,Unknown species224,0,0,0,50
Bacteria,Actinobacteria,Actinobacteria,Actinomycetales,Mycobacteriaceae,Mycobacterium,Unknown species233,0,0,0.001112,50
Bacteria,Actinobacteria,Actinobacteria,Actinomycetales,Mycobacteriaceae,Mycobacterium,Unknown species243,0,0,0.003796,50
Bacteria,Actinobacteria,Actinobacteria,Actinomycetales,Mycobacteriaceae,Mycobacterium,Unknown species53,0,0,0.001111,50
Bacteria,Actinobacteria,Actinobacteria,Actinomycetales,Mycobacteriaceae,Mycobacterium,Unknown species56,0,0,0,50
Bacteria,Actinobacteria,Actinobacteria,Actinomycetales,Mycobacteriaceae,Mycobacterium,Unknown species70,0,0,0,50
Bacteria,Actinobacteria,Actinobacteria,Actinomycetales,Mycobacteriaceae,Mycobacterium,Unknown species75,0,0,0.000056,50
Bacteria,Actinobacteria,Actinobacteria,Actinomycetales,Mycobacteriaceae,Mycobacterium,Unknown species8,0,0.068543,0,50
Bacteria,Actinobacteria,Actinobacteria,Actinomycetales,Mycobacteriaceae,Mycobacterium,Unknown species88,0,0,0,50
Bacteria,Actinobacteria,Actinobacteria,Actinomycetales,Mycobacteriaceae,Mycobacterium,Mycobacterium aichiense,0,0,0.000986,50
Bacteria,Actinobacteria,Actinobacteria,Actinomycetales,Mycobacteriaceae,Mycobacterium,Mycobacterium asiaticum,0,0,0,50
Bacteria,Actinobacteria,Actinobacteria,Actinomycetales,Mycobacteriaceae,Mycobacterium,Mycobacterium avium,0,0,0,50
Bacteria,Actinobacteria,Actinobacteria,Actinomycetales,Mycobacteriaceae,Mycobacterium,Mycobacterium celatum,0,0,0,50
Bacteria,Actinobacteria,Actinobacteria,Actinomycetales,Mycobacteriaceae,Mycobacterium,Mycobacterium fluoranthenivorans,0,0,0,50
Bacteria,Actinobacteria,Actinobacteria,Actinomycetales,Mycobacteriaceae,Mycobacterium,Mycobacterium frederiksbergense,0,0,0.001513,50
Bacteria,Actinobacteria,Actinobacteria,Actinomycetales,Mycobacteriaceae,Mycobacterium,Mycobacterium gastri,0,0,0,50
Bacteria,Actinobacteria,Actinobacteria,Actinomycetales,Mycobacteriaceae,Mycobacterium,Mycobacterium gilvum,0,0,0.000599,50
Bacteria,Actinobacteria,Actinobacteria,Actinomycetales,Mycobacteriaceae,Mycobacterium,Mycobacterium heidelbergense,0,0,0,50
Bacteria,Actinobacteria,Actinobacteria,Actinomycetales,Mycobacteriaceae,Mycobacterium,Mycobacterium kansasii,0,0,0,50
Bacteria,Actinobacteria,Actinobacteria,Actinomycetales,Mycobacteriaceae,Mycobacterium,Mycobacterium lentiflavum,0,0,0,50
Bacteria,Actinobacteria,Actinobacteria,Actinomycetales,Mycobacteriaceae,Mycobacterium,Mycobacterium llatzerense,0,0.023349,0,50
Bacteria,Actinobacteria,Actinobacteria,Actinomycetales,Mycobacteriaceae,Mycobacterium,Mycobacterium monacense,0,0,0.001297,50
Bacteria,Actinobacteria,Actinobacteria,Actinomycetales,Mycobacteriaceae,Mycobacterium,Mycobacterium moriokaense,0,0,0,50
Bacteria,Actinobacteria,Actinobacteria,Actinomycetales,Mycobacteriaceae,Mycobacterium,Mycobacterium mucogenicum,0,0,0,50
Bacteria,Actinobacteria,Actinobacteria,Actinomycetales,Mycobacteriaceae,Mycobacterium,Mycobacterium obuense,0,0,0.003674,50
Bacteria,Actinobacteria,Actinobacteria,Actinomycetales,Mycobacteriaceae,Mycobacterium,Mycobacterium parafortuitum,0,0,0.000274,50
Bacteria,Actinobacteria,Actinobacteria,Actinomycetales,Mycobacteriaceae,Mycobacterium,Mycobacterium sphagni,0,0,0.00173,50
Bacteria,Actinobacteria,Actinobacteria,Actinomycetales,Mycobacteriaceae,Mycobacterium,Mycobacterium tusciae,0,0,0,50
Bacteria,Actinobacteria,Actinobacteria,Actinomycetales,Mycobacteriaceae,Mycobacterium,Mycobacterium vaccae,0,0.040142,0.005706,50
Bacteria,Actinobacteria,Actinobacteria,Actinomycetales,Mycobacteriaceae,Mycobacterium,Mycobacterium wolinskyi,0,0,0,50
Bacteria,Actinobacteria,Actinobacteria,Actinomycetales,Nocardiaceae,Rhodococcus,Unknown species38,0,0,0.000458,50
Bacteria,Actinobacteria,Actinobacteria,Actinomycetales,Nocardiaceae,Rhodococcus,Rhodococcus globerulus,0,0,0.00006,50
Bacteria,Actinobacteria,Actinobacteria,Actinomycetales,Nocardioidaceae,Aeromicrobium,Unknown species31,0.021705,0,0,50
Bacteria,Actinobacteria,Actinobacteria,Actinomycetales,Nocardioidaceae,Kribbella,Unknown species4,0,0,0,50
Bacteria,Actinobacteria,Actinobacteria,Actinomycetales,Nocardioidaceae,Kribbella,Kribbella alba,0,0,0.001252,50
Bacteria,Actinobacteria,Actinobacteria,Actinomycetales,Nocardioidaceae,Kribbella,Kribbella endophytica,0,0,0.001482,50
Bacteria,Actinobacteria,Actinobacteria,Actinomycetales,Nocardioidaceae,Kribbella,Kribbella shirazensis,0,0,0,50
Bacteria,Actinobacteria,Actinobacteria,Actinomycetales,Nocardioidaceae,Marmoricola,Unknown species11,0,0,0.006013,50
Bacteria,Actinobacteria,Actinobacteria,Actinomycetales,Nocardioidaceae,Marmoricola,Unknown species39,0,0,0,50
Bacteria,Actinobacteria,Actinobacteria,Actinomycetales,Nocardioidaceae,Marmoricola,Unknown species4,0,0,0,50
Bacteria,Actinobacteria,Actinobacteria,Actinomycetales,Nocardioidaceae,Marmoricola,Unknown species68,0,0,0.002864,50
Bacteria,Actinobacteria,Actinobacteria,Actinomycetales,Nocardioidaceae,Marmoricola,Unknown species82,0,0,0,50
Bacteria,Actinobacteria,Actinobacteria,Actinomycetales,Nocardioidaceae,Nocardioides,Unknown species114,0,0,0.001703,50
Bacteria,Actinobacteria,Actinobacteria,Actinomycetales,Nocardioidaceae,Nocardioides,Unknown species124,0,0,0,50
Bacteria,Actinobacteria,Actinobacteria,Actinomycetales,Nocardioidaceae,Nocardioides,Unknown species160,0,0,0.002406,50
Bacteria,Actinobacteria,Actinobacteria,Actinomycetales,Nocardioidaceae,Nocardioides,Unknown species18,0,0,0.002669,50
Bacteria,Actinobacteria,Actinobacteria,Actinomycetales,Nocardioidaceae,Nocardioides,Unknown species210,0,0,0.005423,50
Bacteria,Actinobacteria,Actinobacteria,Actinomycetales,Nocardioidaceae,Nocardioides,Unknown species240,0,0,0.000907,50
Bacteria,Actinobacteria,Actinobacteria,Actinomycetales,Nocardioidaceae,Nocardioides,Unknown species243,0,0,0,50
Bacteria,Actinobacteria,Actinobacteria,Actinomycetales,Nocardioidaceae,Nocardioides,Unknown species248,0,0,0,50
Bacteria,Actinobacteria,Actinobacteria,Actinomycetales,Nocardioidaceae,Nocardioides,Unknown species252,0,0,0.002318,50
Bacteria,Actinobacteria,Actinobacteria,Actinomycetales,Nocardioidaceae,Nocardioides,Unknown species274,0,0,0.002943,50
Bacteria,Actinobacteria,Actinobacteria,Actinomycetales,Nocardioidaceae,Nocardioides,Unknown species31,0,0,0,50
Bacteria,Actinobacteria,Actinobacteria,Actinomycetales,Nocardioidaceae,Nocardioides,Unknown species329,0,0,0.005819,50
Bacteria,Actinobacteria,Actinobacteria,Actinomycetales,Nocardioidaceae,Nocardioides,Unknown species49,0,0,0,50
Bacteria,Actinobacteria,Actinobacteria,Actinomycetales,Nocardioidaceae,Nocardioides,Unknown species67,0,0,0.001315,50
Bacteria,Actinobacteria,Actinobacteria,Actinomycetales,Nocardioidaceae,Nocardioides,Nocardioides exalbidus,0,0,0,50
Bacteria,Actinobacteria,Actinobacteria,Actinomycetales,Nocardioidaceae,Nocardioides,Nocardioides ganghwensis,0,0,0.007913,50
Bacteria,Actinobacteria,Actinobacteria,Actinomycetales,Nocardioidaceae,Nocardioides,Nocardioides islandensis,0,0,0.006916,50
Bacteria,Actinobacteria,Actinobacteria,Actinomycetales,Nocardioidaceae,Nocardioides,Nocardioides mesophilus,0,0,0.008839,50
Bacteria,Actinobacteria,Actinobacteria,Actinomycetales,Nocardioidaceae,Nocardioides,Nocardioides oleivorans,0,0,0.002072,50
Bacteria,Actinobacteria,Actinobacteria,Actinomycetales,Nocardioidaceae,Propionicimonas,Unknown species25,0,0,0,50
Bacteria,Actinobacteria,Actinobacteria,Actinomycetales,Promicromonosporaceae,Promicromonospora,Unknown species5,0,0,0,50
Bacteria,Actinobacteria,Actinobacteria,Actinomycetales,Promicromonosporaceae,Promicromonospora,Promicromonospora aerolata,0,0,0,50
Bacteria,Actinobacteria,Actinobacteria,Actinomycetales,Promicromonosporaceae,Promicromonospora,Promicromonospora sukumoe,0,0,0,50
Bacteria,Actinobacteria,Actinobacteria,Actinomycetales,Propionibacteriaceae,Friedmanniella,Friedmanniella lacustris,0,0,0.00054,50
Bacteria,Actinobacteria,Actinobacteria,Actinomycetales,Propionibacteriaceae,Microlunatus,Unknown species4,0,0,0,50
Bacteria,Actinobacteria,Actinobacteria,Actinomycetales,Propionibacteriaceae,Microlunatus,Unknown species50,0,0,0,50
Bacteria,Actinobacteria,Actinobacteria,Actinomycetales,Propionibacteriaceae,Propionibacterium,Propionibacterium acnes,0,0,0,50
Bacteria,Actinobacteria,Actinobacteria,Actinomycetales,Pseudonocardiaceae,Actinomycetospora,Actinomycetospora chibensis,0,0,0.006463,50
Bacteria,Actinobacteria,Actinobacteria,Actinomycetales,Pseudonocardiaceae,Actinomycetospora,Unknown species22,0,0,0.007718,50
Bacteria,Actinobacteria,Actinobacteria,Actinomycetales,Pseudonocardiaceae,Actinophytocola,Unknown species4,0,0,0.006136,50
Bacteria,Actinobacteria,Actinobacteria,Actinomycetales,Pseudonocardiaceae,Actinosynnema,Actinosynnema mirum,0,0,0,50
Bacteria,Actinobacteria,Actinobacteria,Actinomycetales,Pseudonocardiaceae,Actinosynnema,Actinosynnema pretiosum,0,0,0,50
Bacteria,Actinobacteria,Actinobacteria,Actinomycetales,Pseudonocardiaceae,Lechevalieria,Lechevalieria atacamensis,0,0,0,50
Bacteria,Actinobacteria,Actinobacteria,Actinomycetales,Pseudonocardiaceae,Lentzea,Lentzea kentuckyensis,0,0,0,50
Bacteria,Actinobacteria,Actinobacteria,Actinomycetales,Pseudonocardiaceae,Pseudonocardia,Unknown species102,0,0,0.000891,50
Bacteria,Actinobacteria,Actinobacteria,Actinomycetales,Pseudonocardiaceae,Pseudonocardia,Unknown species112,0,0,0,50
Bacteria,Actinobacteria,Actinobacteria,Actinomycetales,Pseudonocardiaceae,Pseudonocardia,Unknown species12,0,0,0.006142,50
Bacteria,Actinobacteria,Actinobacteria,Actinomycetales,Pseudonocardiaceae,Pseudonocardia,Unknown species36,0,0,0.024271,50
Bacteria,Actinobacteria,Actinobacteria,Actinomycetales,Pseudonocardiaceae,Pseudonocardia,Unknown species48,0,0,0,50
Bacteria,Actinobacteria,Actinobacteria,Actinomycetales,Pseudonocardiaceae,Pseudonocardia,Pseudonocardia yunnanensis,0,0,0.002992,50
Bacteria,Actinobacteria,Actinobacteria,Actinomycetales,Pseudonocardiaceae,Saccharomonospora,Saccharomonospora viridis,0,0,0,50
Bacteria,Actinobacteria,Actinobacteria,Actinomycetales,Sporichthyaceae,Unknown genus14,Unknown species2,0,0,0.004905,50
Bacteria,Actinobacteria,Actinobacteria,Actinomycetales,Sporichthyaceae,Unknown genus5,Unknown species8,0,0,0.010836,50
Bacteria,Actinobacteria,Actinobacteria,Actinomycetales,Sporichthyaceae,Sporichthya,Unknown species20,0,0,0.006026,50
Bacteria,Actinobacteria,Actinobacteria,Actinomycetales,Sporichthyaceae,Sporichthya,Unknown species8,0,0,0,50
Bacteria,Actinobacteria,Actinobacteria,Actinomycetales,Streptomycetaceae,Unknown genus13,Unknown species1,0,0,0,50
Bacteria,Actinobacteria,Actinobacteria,Actinomycetales,Streptomycetaceae,Kitasatospora,Unknown species40,0,0,0.000032,50
Bacteria,Actinobacteria,Actinobacteria,Actinomycetales,Streptomycetaceae,Streptomyces,Unknown species232,0,0,0,50
Bacteria,Actinobacteria,Actinobacteria,Actinomycetales,Streptomycetaceae,Streptomyces,Unknown species35,0,0,0,50
Bacteria,Actinobacteria,Actinobacteria,Actinomycetales,Streptomycetaceae,Streptomyces,Unknown species359,0,0,0,50
Bacteria,Actinobacteria,Actinobacteria,Actinomycetales,Streptomycetaceae,Streptomyces,Unknown species457,0,0.005545,0,50
Bacteria,Actinobacteria,Actinobacteria,Actinomycetales,Streptomycetaceae,Streptomyces,Unknown species570,0,0,0,50
Bacteria,Actinobacteria,Actinobacteria,Actinomycetales,Streptomycetaceae,Streptomyces,Unknown species593,0,0.054552,0,50
Bacteria,Actinobacteria,Actinobacteria,Actinomycetales,Streptomycetaceae,Streptomyces,Unknown species695,0,0,0,50
Bacteria,Actinobacteria,Actinobacteria,Actinomycetales,Streptomycetaceae,Streptomyces,Unknown species723,0,0,0,50
Bacteria,Actinobacteria,Actinobacteria,Actinomycetales,Streptomycetaceae,Streptomyces,Unknown species726,0,0,0,50
Bacteria,Actinobacteria,Actinobacteria,Actinomycetales,Streptomycetaceae,Streptomyces,Unknown species77,0,0,0,50
Bacteria,Actinobacteria,Actinobacteria,Actinomycetales,Streptomycetaceae,Streptomyces,Streptomyces alboniger,0,0.006788,0.001857,50
Bacteria,Actinobacteria,Actinobacteria,Actinomycetales,Streptomycetaceae,Streptomyces,Streptomyces ambofaciens,0,0,0,50
Bacteria,Actinobacteria,Actinobacteria,Actinomycetales,Streptomycetaceae,Streptomyces,Streptomyces atratus,0,0,0,50
Bacteria,Actinobacteria,Actinobacteria,Actinomycetales,Streptomycetaceae,Streptomyces,Streptomyces aurantiacus,0,0,0.003379,50
Bacteria,Actinobacteria,Actinobacteria,Actinomycetales,Streptomycetaceae,Streptomyces,Streptomyces aureoverticillatus,0,0,0,50
Bacteria,Actinobacteria,Actinobacteria,Actinomycetales,Streptomycetaceae,Streptomyces,Streptomyces aureus,0.004247,0,0,50
Bacteria,Actinobacteria,Actinobacteria,Actinomycetales,Streptomycetaceae,Streptomyces,Streptomyces avidinii,0,0,0,50
Bacteria,Actinobacteria,Actinobacteria,Actinomycetales,Streptomycetaceae,Streptomyces,Streptomyces brasiliensis,0,0,0,50
Bacteria,Actinobacteria,Actinobacteria,Actinomycetales,Streptomycetaceae,Streptomyces,Streptomyces caelestis,0,0,0,50
Bacteria,Actinobacteria,Actinobacteria,Actinomycetales,Streptomycetaceae,Streptomyces,Streptomyces canus,0,0.003419,0.002138,50
Bacteria,Actinobacteria,Actinobacteria,Actinomycetales,Streptomycetaceae,Streptomyces,Streptomyces chartreusis,0,0,0,50
Bacteria,Actinobacteria,Actinobacteria,Actinomycetales,Streptomycetaceae,Streptomyces,Streptomyces ciscaucasicus,0,0.10185,0,50
Bacteria,Actinobacteria,Actinobacteria,Actinomycetales,Streptomycetaceae,Streptomyces,Streptomyces cocklensis,0,0,0,50
Bacteria,Actinobacteria,Actinobacteria,Actinomycetales,Streptomycetaceae,Streptomyces,Streptomyces collinus,0,0,0,50
Bacteria,Actinobacteria,Actinobacteria,Actinomycetales,Streptomycetaceae,Streptomyces,Streptomyces costaricanus,0,0,0,50
Bacteria,Actinobacteria,Actinobacteria,Actinomycetales,Streptomycetaceae,Streptomyces,Streptomyces cyaneus,0,0.000014,0.000041,50
Bacteria,Actinobacteria,Actinobacteria,Actinomycetales,Streptomycetaceae,Streptomyces,Streptomyces deccanensis,0,0,0,50
Bacteria,Actinobacteria,Actinobacteria,Actinomycetales,Streptomycetaceae,Streptomyces,Streptomyces enissocaesilis,0,0,0,50
Bacteria,Actinobacteria,Actinobacteria,Actinomycetales,Streptomycetaceae,Streptomyces,Streptomyces ferralitis,0,0,0,50
Bacteria,Actinobacteria,Actinobacteria,Actinomycetales,Streptomycetaceae,Streptomyces,Streptomyces fradiae,0,0,0,50
Bacteria,Actinobacteria,Actinobacteria,Actinomycetales,Streptomycetaceae,Streptomyces,Streptomyces fulvissimus,0,0,0,50
Bacteria,Actinobacteria,Actinobacteria,Actinomycetales,Streptomycetaceae,Streptomyces,Streptomyces fumigatiscleroticus,0,0,0,50
Bacteria,Actinobacteria,Actinobacteria,Actinomycetales,Streptomycetaceae,Streptomyces,Streptomyces glaucescens,0,0,0,50
Bacteria,Actinobacteria,Actinobacteria,Actinomycetales,Streptomycetaceae,Streptomyces,Streptomyces goshikiensis,0,0,0,50
Bacteria,Actinobacteria,Actinobacteria,Actinomycetales,Streptomycetaceae,Streptomyces,Streptomyces griseoaurantiacus,0,0,0,50
Bacteria,Actinobacteria,Actinobacteria,Actinomycetales,Streptomycetaceae,Streptomyces,Streptomyces griseoruber,0,0.000002,0,50
Bacteria,Actinobacteria,Actinobacteria,Actinomycetales,Streptomycetaceae,Streptomyces,Streptomyces humidus,0,0,0,50
Bacteria,Actinobacteria,Actinobacteria,Actinomycetales,Streptomycetaceae,Streptomyces,Streptomyces labedae,0,0,0,50
Bacteria,Actinobacteria,Actinobacteria,Actinomycetales,Streptomycetaceae,Streptomyces,Streptomyces lanatus,0,0,0,50
Bacteria,Actinobacteria,Actinobacteria,Actinomycetales,Streptomycetaceae,Streptomyces,Streptomyces levis,0,0,0,50
Bacteria,Actinobacteria,Actinobacteria,Actinomycetales,Streptomycetaceae,Streptomyces,Streptomyces lincolnensis,0,0.030729,0,50
Bacteria,Actinobacteria,Actinobacteria,Actinomycetales,Streptomycetaceae,Streptomyces,Streptomyces michiganensis,0,0,0,50
Bacteria,Actinobacteria,Actinobacteria,Actinomycetales,Streptomycetaceae,Streptomyces,Streptomyces minutiscleroticus,0,0,0,50
Bacteria,Actinobacteria,Actinobacteria,Actinomycetales,Streptomycetaceae,Streptomyces,Streptomyces mirabilis,0,0,0,50
Bacteria,Actinobacteria,Actinobacteria,Actinomycetales,Streptomycetaceae,Streptomyces,Streptomyces murinus,0,0,0,50
Bacteria,Actinobacteria,Actinobacteria,Actinomycetales,Streptomycetaceae,Streptomyces,Streptomyces pactum,0,0,0,50
Bacteria,Actinobacteria,Actinobacteria,Actinomycetales,Streptomycetaceae,Streptomyces,Streptomyces prasinosporus,0,0,0,50
Bacteria,Actinobacteria,Actinobacteria,Actinomycetales,Streptomycetaceae,Streptomyces,Streptomyces pseudovenezuelae,0,0,0,50
Bacteria,Actinobacteria,Actinobacteria,Actinomycetales,Streptomycetaceae,Streptomyces,Streptomyces reticuliscabiei,0,0,0,50
Bacteria,Actinobacteria,Actinobacteria,Actinomycetales,Streptomycetaceae,Streptomyces,Streptomyces shenzhenensis,0,0,0,50
Bacteria,Actinobacteria,Actinobacteria,Actinomycetales,Streptomycetaceae,Streptomyces,Streptomyces tauricus,0,0,0,50
Bacteria,Actinobacteria,Actinobacteria,Actinomycetales,Streptomycetaceae,Streptomyces,Streptomyces violaceochromogenes,0,0,0.000986,50
Bacteria,Actinobacteria,Actinobacteria,Actinomycetales,Streptomycetaceae,Streptomyces,Streptomyces violaceoruber,0,0,0,50
Bacteria,Actinobacteria,Actinobacteria,Actinomycetales,Streptosporangiaceae,Microbispora,Microbispora hainanensis,0,0,0,50
Bacteria,Actinobacteria,Actinobacteria,Actinomycetales,Thermomonosporaceae,Actinomadura,Actinomadura nitritigenes,0,0,0,50
Bacteria,Actinobacteria,Actinobacteria,Actinomycetales,Thermomonosporaceae,Actinomadura,Actinomadura vinacea,0,0,0,50
Bacteria,Actinobacteria,Actinobacteria,Actinomycetales,Unknown family,Unknown genus129,Unknown species5,0,0,0,50
Bacteria,Actinobacteria,Actinobacteria,Gaiellales,Gaiellaceae,Gaiella,Unknown species2,0,0,0,50
Bacteria,Actinobacteria,Actinobacteria,Gaiellales,Gaiellaceae,Gaiella,Unknown species361,0,0,0,50
Bacteria,Actinobacteria,Actinobacteria,Micrococcales,Unknown family,Unknown genus7,Unknown species1,0,0,0,50
Bacteria,Actinobacteria,Actinobacteria,Solirubrobacterales,Conexibacteraceae,Conexibacter,Unknown species75,0,0,0.003781,50
Bacteria,Actinobacteria,Actinobacteria,Solirubrobacterales,Conexibacteraceae,Conexibacter,Unknown species77,0,0,0,50
Bacteria,Actinobacteria,Actinobacteria,Solirubrobacterales,Conexibacteraceae,Conexibacter,Unknown species85,0,0,0,50
Bacteria,Actinobacteria,Actinobacteria,Solirubrobacterales,Solirubrobacteraceae,Solirubrobacter,Unknown species11,0,0,0,50
Bacteria,Actinobacteria,Actinobacteria,Solirubrobacterales,Solirubrobacteraceae,Solirubrobacter,Unknown species22,0,0,0.009414,50
Bacteria,Actinobacteria,Actinobacteria,Solirubrobacterales,Solirubrobacteraceae,Solirubrobacter,Unknown species39,0,0,0.000502,50
Bacteria,Actinobacteria,Actinobacteria,Solirubrobacterales,Solirubrobacteraceae,Solirubrobacter,Unknown species70,0,0,0.00266,50
Bacteria,Actinobacteria,Actinobacteria,Solirubrobacterales,Solirubrobacteraceae,Solirubrobacter,Unknown species78,0,0,0.019263,50
Bacteria,Actinobacteria,Actinobacteria,Solirubrobacterales,Solirubrobacteraceae,Solirubrobacter,Unknown species81,0,0,0.002783,50
Bacteria,Actinobacteria,Actinobacteria,Solirubrobacterales,Solirubrobacteraceae,Solirubrobacter,Unknown species9,0,0,0.003183,50
Bacteria,Actinobacteria,Actinobacteria,Solirubrobacterales,Solirubrobacteraceae,Solirubrobacter,Solirubrobacter ginsenosidimutans,0,0,0.025692,50
Bacteria,Actinobacteria,Actinobacteria,Solirubrobacterales,Solirubrobacteraceae,Solirubrobacter,Solirubrobacter soli,0,0,0,50
Bacteria,Actinobacteria,Rubrobacteria,Rubrobacterales,Rubrobacteraceae,Rubrobacter,Unknown species124,0,0.00907,0,50
Bacteria,Actinobacteria,Rubrobacteria,Rubrobacterales,Rubrobacteraceae,Rubrobacter,Unknown species129,0,0,0,50
Bacteria,Actinobacteria,Rubrobacteria,Rubrobacterales,Rubrobacteraceae,Rubrobacter,Unknown species13,0,0,0.002159,50
Bacteria,Actinobacteria,Rubrobacteria,Rubrobacterales,Rubrobacteraceae,Rubrobacter,Unknown species130,0,0,0,50
Bacteria,Actinobacteria,Rubrobacteria,Rubrobacterales,Rubrobacteraceae,Rubrobacter,Unknown species135,0,0,0.001729,50
Bacteria,Actinobacteria,Rubrobacteria,Rubrobacterales,Rubrobacteraceae,Rubrobacter,Unknown species15,0,0,0.001442,50
Bacteria,Actinobacteria,Rubrobacteria,Rubrobacterales,Rubrobacteraceae,Rubrobacter,Unknown species19,0,0.007093,0.002349,50
Bacteria,Actinobacteria,Thermoleophilia,Solirubrobacterales,Conexibacteraceae,Unknown genus5,Unknown species1,0,0,0,50
Bacteria,Actinobacteria,Thermoleophilia,Solirubrobacterales,Solirubrobacteraceae,Solirubrobacter,Unknown species13,0.030828,0.009887,0.000141,50
Bacteria,Actinobacteria,Thermoleophilia,Solirubrobacterales,Solirubrobacteraceae,Solirubrobacter,Unknown species9,0,0,0.009833,50
Bacteria,Actinobacteria,Thermoleophilia,Solirubrobacterales,Unknown family,Unknown genus2,Unknown species3,0,0,0,50
Bacteria,Armatimonadetes,0319-6E2,Unknown order,Unknown family,Unknown genus6,Unknown species1,0,0,0,50
Bacteria,Armatimonadetes,0319-6E2,Unknown order,Unknown family,Unknown genus7,Unknown species1,0,0,0,50
Bacteria,Armatimonadetes,Armatimonadia,Armatimonadales,Armatimonadaceae,Armatimonas/Armatimonadetes_gp1,Unknown species51,0,0,0.000104,50
Bacteria,Bacteroidetes,Cytophagia,Cytophagales,Cytophagaceae,Unknown genus56,Unknown species3,0,0,0,50
Bacteria,Bacteroidetes,Cytophagia,Cytophagales,Cytophagaceae,Rhodocytophaga,Unknown species5,0,0,0.00038,50
Bacteria,Bacteroidetes,Flavobacteriia,Flavobacteriales,Flavobacteriaceae,Flavobacterium,Unknown species13,0,0,0,50
Bacteria,Bacteroidetes,Flavobacteriia,Flavobacteriales,Flavobacteriaceae,Flavobacterium,Unknown species639,0,0,0,50
Bacteria,Bacteroidetes,Flavobacteriia,Flavobacteriales,Flavobacteriaceae,Flavobacterium,Unknown species766,0,0,0,50
Bacteria,Bacteroidetes,Flavobacteriia,Flavobacteriales,Flavobacteriaceae,Flavobacterium,Flavobacterium succinicans,0,0,0,50
Bacteria,Bacteroidetes,Saprospirae,Saprospirales,Chitinophagaceae,Unknown genus105,Unknown species2,0,0,0,50
Bacteria,Bacteroidetes,Saprospirae,Saprospirales,Chitinophagaceae,Unknown genus177,Unknown species2,0,0,0,50
Bacteria,Bacteroidetes,Saprospirae,Saprospirales,Chitinophagaceae,Chitinophaga,Unknown species3,0,0,0,50
Bacteria,Bacteroidetes,Saprospirae,Saprospirales,Chitinophagaceae,Flavisolibacter,Unknown species113,0,0,0,50
Bacteria,Bacteroidetes,Saprospirae,Saprospirales,Chitinophagaceae,Flavisolibacter,Unknown species33,0.002696,0,0.000226,50
Bacteria,Bacteroidetes,Saprospirae,Saprospirales,Chitinophagaceae,Flavisolibacter,Unknown species39,0,0,0.000156,50
Bacteria,Bacteroidetes,Saprospirae,Saprospirales,Chitinophagaceae,Flavisolibacter,Unknown species59,0,0,0.000049,50
Bacteria,Bacteroidetes,Saprospirae,Saprospirales,Chitinophagaceae,Flavisolibacter,Unknown species71,0,0,0.000407,50
Bacteria,Bacteroidetes,Sphingobacteriia,Sphingobacteriales,Chitinophagaceae,Flavitalea,Unknown species34,0,0,0,50
Bacteria,Bacteroidetes,Sphingobacteriia,Sphingobacteriales,Chitinophagaceae,Flavitalea,Unknown species42,0,0,0.001657,50
Bacteria,Bacteroidetes,Sphingobacteriia,Sphingobacteriales,Chitinophagaceae,Niastella,Unknown species18,0,0,0.00012,50
Bacteria,Bacteroidetes,Sphingobacteriia,Sphingobacteriales,Chitinophagaceae,Terrimonas,Unknown species153,0,0,0.000019,50
Bacteria,Bacteroidetes,Sphingobacteriia,Sphingobacteriales,Chitinophagaceae,Terrimonas,Unknown species211,0,0.001612,0,50
Bacteria,Bacteroidetes,Sphingobacteriia,Sphingobacteriales,Chitinophagaceae,Terrimonas,Unknown species241,0,0,0,50
Bacteria,Bacteroidetes,Sphingobacteriia,Sphingobacteriales,Sphingobacteriaceae,Pedobacter,Unknown species123,0,0,0,50
Bacteria,Chloroflexi,Anaerolineae,Anaerolineales,Anaerolineaceae,Unknown genus385,Unknown species2,0,0,0.001236,50
Bacteria,Chloroflexi,Anaerolineae,Anaerolineales,Anaerolineaceae,Unknown genus41,Unknown species2,0,0,0.00012,50
Bacteria,Chloroflexi,Anaerolineae,Anaerolineales,Anaerolineaceae,Unknown genus66,Unknown species6,0,0,0,50
Bacteria,Chloroflexi,Anaerolineae,Anaerolineales,Anaerolineaceae,Unknown genus66,Unknown species9,0,0,0,50
Bacteria,Chloroflexi,Caldilineae,Caldilineales,Caldilineaceae,Litorilinea,Unknown species92,0,0,0,50
Bacteria,Chloroflexi,Chloroflexia,Chloroflexales,Chloroflexaceae,Roseiflexus,Unknown species7,0,0,0.000774,50
Bacteria,Chloroflexi,Ellin6529,Unknown order,Unknown family,Unknown genus42,Unknown species2,0,0,0.000075,50
Bacteria,Chloroflexi,Ellin6529,Unknown order,Unknown family,Unknown genus44,Unknown species1,0,0,0.000605,50
Bacteria,Chloroflexi,Gitt-GS-136,Unknown order,Unknown family,Unknown genus9,Unknown species8,0,0,0,50
Bacteria,Chloroflexi,Thermomicrobia,Sphaerobacterales,Sphaerobacteraceae,Sphaerobacter,Unknown species61,0,0,0,50
Bacteria,Cyanobacteria,Chloroplast,Streptophyta,Unknown family,Unknown genus116,Unknown species18,0,0,0,50
Bacteria,Cyanobacteria,Chloroplast,Streptophyta,Unknown family,Unknown genus116,Unknown species20,0,0,0,50
Bacteria,Cyanobacteria,Chloroplast,Streptophyta,Unknown family,Unknown genus123,Unknown species13,0,0,0,50
Bacteria,Cyanobacteria,Chloroplast,Streptophyta,Unknown family,Unknown genus123,Unknown species26,0,0,0,50
Bacteria,Cyanobacteria,Chloroplast,Streptophyta,Unknown family,Unknown genus123,Unknown species3,0,0,0,50
Bacteria,Cyanobacteria,Chloroplast,Streptophyta,Unknown family,Unknown genus123,Unknown species31,0,0,0,50
Bacteria,Cyanobacteria,Chloroplast,Streptophyta,Unknown family,Unknown genus123,Unknown species34,0,0,0,50
Bacteria,Cyanobacteria,Chloroplast,Streptophyta,Unknown family,Unknown genus123,Unknown species5,0,0,0,50
Bacteria,Cyanobacteria,Chloroplast,Streptophyta,Unknown family,Unknown genus123,Unknown species9,0.53603,0,0,50
Bacteria,Cyanobacteria,Chloroplast,Streptophyta,Unknown family,Unknown genus14,Unknown species4,0.007549,0.004643,0.000143,50
Bacteria,Cyanobacteria,Chloroplast,Streptophyta,Unknown family,Unknown genus2,Unknown species5,0,0,0,50
Bacteria,Cyanobacteria,Chloroplast,Streptophyta,Unknown family,Unknown genus2,Unknown species8,0,0.099272,0,50
Bacteria,Cyanobacteria,Chloroplast,Streptophyta,Unknown family,Unknown genus2,Unknown species9,0,0,0,50
Bacteria,Cyanobacteria,Chloroplast,Streptophyta,Unknown family,Unknown genus39,Unknown species7,0.10129,0.082321,0.005574,50
Bacteria,Cyanobacteria,Chloroplast,Streptophyta,Unknown family,Unknown genus39,Unknown species8,0,0,0,50
Bacteria,Cyanobacteria,Chloroplast,Streptophyta,Unknown family,Unknown genus57,Unknown species1,0,0,0,50
Bacteria,Cyanobacteria,Chloroplast,Streptophyta,Unknown family,Unknown genus78,Unknown species1,0,0,0,50
Bacteria,FBP,Unknown class,Unknown order,Unknown family,Unknown genus3,Unknown species1,0,0,0.000613,50
Bacteria,FBP,Unknown class,Unknown order,Unknown family,Unknown genus4,Unknown species1,0,0,0,50
Bacteria,Firmicutes,Bacilli,Bacillales,Alicyclobacillaceae,Alicyclobacillus,Unknown species17,0,0,0,50
Bacteria,Firmicutes,Bacilli,Bacillales,Alicyclobacillaceae,Alicyclobacillus,Unknown species27,0,0,0,50
Bacteria,Firmicutes,Bacilli,Bacillales,Bacillaceae,Unknown genus173,Unknown species1,0,0,0,50
Bacteria,Firmicutes,Bacilli,Bacillales,Bacillaceae,Unknown genus192,Unknown species1,0,0,0,50
Bacteria,Firmicutes,Bacilli,Bacillales,Bacillaceae,Unknown genus45,Unknown species1,0,0,0,50
Bacteria,Firmicutes,Bacilli,Bacillales,Bacillaceae,Bacillus,Unknown species1098,0.061341,0,0,50
Bacteria,Firmicutes,Bacilli,Bacillales,Bacillaceae,Bacillus,Unknown species1116,0,0,0,50
Bacteria,Firmicutes,Bacilli,Bacillales,Bacillaceae,Bacillus,Unknown species114,0,0,0.001119,50
Bacteria,Firmicutes,Bacilli,Bacillales,Bacillaceae,Bacillus,Unknown species1142,0,0,0,50
Bacteria,Firmicutes,Bacilli,Bacillales,Bacillaceae,Bacillus,Unknown species1213,0,0,0,50
Bacteria,Firmicutes,Bacilli,Bacillales,Bacillaceae,Bacillus,Unknown species1241,0,0,0,50
Bacteria,Firmicutes,Bacilli,Bacillales,Bacillaceae,Bacillus,Unknown species1262,0,0,0.001176,50
Bacteria,Firmicutes,Bacilli,Bacillales,Bacillaceae,Bacillus,Unknown species1265,0,0,0,50
Bacteria,Firmicutes,Bacilli,Bacillales,Bacillaceae,Bacillus,Unknown species1280,0,0,0,50
Bacteria,Firmicutes,Bacilli,Bacillales,Bacillaceae,Bacillus,Unknown species1286,0,0,0.000634,50
Bacteria,Firmicutes,Bacilli,Bacillales,Bacillaceae,Bacillus,Unknown species1289,0,0,0,50
Bacteria,Firmicutes,Bacilli,Bacillales,Bacillaceae,Bacillus,Unknown species129,0,0.016249,0,50
Bacteria,Firmicutes,Bacilli,Bacillales,Bacillaceae,Bacillus,Unknown species1298,0,0,0,50
Bacteria,Firmicutes,Bacilli,Bacillales,Bacillaceae,Bacillus,Unknown species1305,0,0,0.000289,50
Bacteria,Firmicutes,Bacilli,Bacillales,Bacillaceae,Bacillus,Unknown species1360,0,0,0,50
Bacteria,Firmicutes,Bacilli,Bacillales,Bacillaceae,Bacillus,Unknown species1385,0,0,0,50
Bacteria,Firmicutes,Bacilli,Bacillales,Bacillaceae,Bacillus,Unknown species1391,0,0,0,50
Bacteria,Firmicutes,Bacilli,Bacillales,Bacillaceae,Bacillus,Unknown species1529,0,0,0,50
Bacteria,Firmicutes,Bacilli,Bacillales,Bacillaceae,Bacillus,Unknown species1587,0,0,0,50
Bacteria,Firmicutes,Bacilli,Bacillales,Bacillaceae,Bacillus,Unknown species347,0,0,0.000298,50
Bacteria,Firmicutes,Bacilli,Bacillales,Bacillaceae,Bacillus,Unknown species378,0,0,0,50
Bacteria,Firmicutes,Bacilli,Bacillales,Bacillaceae,Bacillus,Unknown species449,0,0,0,50
Bacteria,Firmicutes,Bacilli,Bacillales,Bacillaceae,Bacillus,Unknown species482,0,0,0,50
Bacteria,Firmicutes,Bacilli,Bacillales,Bacillaceae,Bacillus,Unknown species521,0,0,0,50
Bacteria,Firmicutes,Bacilli,Bacillales,Bacillaceae,Bacillus,Unknown species55,0,0,0.000022,50
Bacteria,Firmicutes,Bacilli,Bacillales,Bacillaceae,Bacillus,Unknown species648,0,0,0,50
Bacteria,Firmicutes,Bacilli,Bacillales,Bacillaceae,Bacillus,Unknown species691,0,0,0.000229,50
Bacteria,Firmicutes,Bacilli,Bacillales,Bacillaceae,Bacillus,Unknown species805,0,0,0,50
Bacteria,Firmicutes,Bacilli,Bacillales,Bacillaceae,Bacillus,Unknown species893,0,0,0,50
Bacteria,Firmicutes,Bacilli,Bacillales,Bacillaceae,Bacillus,Bacillus asahii,0,0,0,50
Bacteria,Firmicutes,Bacilli,Bacillales,Bacillaceae,Bacillus,Bacillus badius,0,0,0,50
Bacteria,Firmicutes,Bacilli,Bacillales,Bacillaceae,Bacillus,Bacillus endophyticus,0,0,0,50
Bacteria,Firmicutes,Bacilli,Bacillales,Bacillaceae,Bacillus,Bacillus firmus,0,0,0,50
Bacteria,Firmicutes,Bacilli,Bacillales,Bacillaceae,Bacillus,Bacillus flexus,0,0.002515,0.001915,50
Bacteria,Firmicutes,Bacilli,Bacillales,Bacillaceae,Bacillus,Bacillus fumarioli,0,0,0,50
Bacteria,Firmicutes,Bacilli,Bacillales,Bacillaceae,Bacillus,Bacillus ginsengihumi,0,0,0,50
Bacteria,Firmicutes,Bacilli,Bacillales,Bacillaceae,Bacillus,Bacillus humi,0,0,0,50
Bacteria,Firmicutes,Bacilli,Bacillales,Bacillaceae,Bacillus,Bacillus muralis,0,0,0.001395,50
Bacteria,Firmicutes,Bacilli,Bacillales,Bacillaceae,Bacillus,Bacillus selenatarsenatis,0,0,0,50
Bacteria,Firmicutes,Bacilli,Bacillales,Bacillaceae,Thalassobacillus,Unknown species5,0,0,0,50
Bacteria,Firmicutes,Bacilli,Bacillales,Bacillaceae,Virgibacillus,Unknown species11,0,0,0,50
Bacteria,Firmicutes,Bacilli,Bacillales,Bacillaceae,Virgibacillus,Virgibacillus picturae,0,0,0,50
Bacteria,Firmicutes,Bacilli,Bacillales,Bacillaceae 1,Alteribacillus,Unknown species7,0,0,0,50
Bacteria,Firmicutes,Bacilli,Bacillales,Bacillaceae 1,Bacillus,Bacillus aerius,0,0,0,50
Bacteria,Firmicutes,Bacilli,Bacillales,Bacillaceae 1,Bacillus,Bacillus altitudinis,0,0,0,50
Bacteria,Firmicutes,Bacilli,Bacillales,Bacillaceae 1,Bacillus,Bacillus amyloliquefaciens,0,0,0,50
Bacteria,Firmicutes,Bacilli,Bacillales,Bacillaceae 1,Bacillus,Bacillus circulans,0,0,0,50
Bacteria,Firmicutes,Bacilli,Bacillales,Bacillaceae 1,Bacillus,Bacillus drentensis,0,0,0.003161,50
Bacteria,Firmicutes,Bacilli,Bacillales,Bacillaceae 1,Bacillus,Bacillus foraminis,0,0,0.001414,50
Bacteria,Firmicutes,Bacilli,Bacillales,Bacillaceae 1,Bacillus,Bacillus licheniformis,0,0,0,50
Bacteria,Firmicutes,Bacilli,Bacillales,Bacillaceae 1,Bacillus,Bacillus litoralis,0,0,0,50
Bacteria,Firmicutes,Bacilli,Bacillales,Bacillaceae 1,Bacillus,Bacillus niabensis,0,0,0,50
Bacteria,Firmicutes,Bacilli,Bacillales,Bacillaceae 1,Bacillus,Bacillus niacini,0,0,0.017732,50
Bacteria,Firmicutes,Bacilli,Bacillales,Bacillaceae 1,Bacillus,Bacillus safensis,0,0,0,50
Bacteria,Firmicutes,Bacilli,Bacillales,Bacillaceae 1,Bacillus,Bacillus soli,0,0,0.000399,50
Bacteria,Firmicutes,Bacilli,Bacillales,Bacillaceae 1,Bacillus,Bacillus sonorensis,0,0,0,50
Bacteria,Firmicutes,Bacilli,Bacillales,Bacillaceae 1,Bacillus,Bacillus subtilis,0,0,0,50
Bacteria,Firmicutes,Bacilli,Bacillales,Bacillaceae 1,Bacillus,Bacillus thermolactis,0,0,0,50
Bacteria,Firmicutes,Bacilli,Bacillales,Bacillaceae 1,Bacillus,Bacillus thuringiensis,0,0,0,50
Bacteria,Firmicutes,Bacilli,Bacillales,Bacillaceae 1,Bacillus,Bacillus vireti,0,0,0,50
Bacteria,Firmicutes,Bacilli,Bacillales,Bacillaceae 2,Unknown genus10,Unknown species1,0,0,0,50
Bacteria,Firmicutes,Bacilli,Bacillales,Bacillaceae 2,Gracilibacillus,Gracilibacillus dipsosauri,0,0,0,50
Bacteria,Firmicutes,Bacilli,Bacillales,Bacillaceae 2,Gracilibacillus,Gracilibacillus saliphilus,0,0,0,50
Bacteria,Firmicutes,Bacilli,Bacillales,Bacillaceae 2,Halobacillus,Halobacillus trueperi,0,0,0,50
Bacteria,Firmicutes,Bacilli,Bacillales,Bacillaceae 2,Oceanobacillus,Unknown species25,0,0,0,50
Bacteria,Firmicutes,Bacilli,Bacillales,Bacillaceae 2,Oceanobacillus,Unknown species9,0,0,0,50
Bacteria,Firmicutes,Bacilli,Bacillales,Bacillaceae 2,Oceanobacillus,Oceanobacillus kimchii,0,0,0,50
Bacteria,Firmicutes,Bacilli,Bacillales,Bacillaceae 2,Piscibacillus,Unknown species5,0,0,0,50
Bacteria,Firmicutes,Bacilli,Bacillales,Bacillaceae 2,Terribacillus,Terribacillus goriensis,0,0,0,50
Bacteria,Firmicutes,Bacilli,Bacillales,Bacillaceae 2,Terribacillus,Terribacillus saccharophilus,0,0,0,50
Bacteria,Firmicutes,Bacilli,Bacillales,Exiguobacteraceae,Exiguobacterium,Unknown species137,0,0,0.000111,50
Bacteria,Firmicutes,Bacilli,Bacillales,Paenibacillaceae,Ammoniphilus,Unknown species2,0,0,0,50
Bacteria,Firmicutes,Bacilli,Bacillales,Paenibacillaceae,Brevibacillus,Unknown species35,0,0,0,50
Bacteria,Firmicutes,Bacilli,Bacillales,Paenibacillaceae,Paenibacillus,Paenibacillus lentimorbus,0,0,0,50
Bacteria,Firmicutes,Bacilli,Bacillales,Paenibacillaceae,Paenibacillus,Paenibacillus mucilaginosus,0,0,0,50
Bacteria,Firmicutes,Bacilli,Bacillales,Planococcaceae,Unknown genus24,Unknown species2,0,0,0,50
Bacteria,Firmicutes,Bacilli,Bacillales,Planococcaceae,Unknown genus33,Unknown species2,0,0,0,50
Bacteria,Firmicutes,Bacilli,Bacillales,Planococcaceae,Lysinibacillus,Unknown species39,0,0,0,50
Bacteria,Firmicutes,Bacilli,Bacillales,Planococcaceae,Lysinibacillus,Unknown species45,0,0,0,50
Bacteria,Firmicutes,Bacilli,Bacillales,Planococcaceae,Lysinibacillus,Lysinibacillus boronitolerans,0,0,0,50
Bacteria,Firmicutes,Bacilli,Bacillales,Planococcaceae,Lysinibacillus,Lysinibacillus odysseyi,0,0,0,50
Bacteria,Firmicutes,Bacilli,Bacillales,Planococcaceae,Paenisporosarcina,Unknown species3,0,0,0,50
Bacteria,Firmicutes,Bacilli,Bacillales,Planococcaceae,Rummeliibacillus,Rummeliibacillus pycnus,0,0,0,50
Bacteria,Firmicutes,Bacilli,Bacillales,Planococcaceae,Solibacillus,Solibacillus silvestris,0,0,0.001071,50
Bacteria,Firmicutes,Bacilli,Bacillales,Staphylococcaceae,Staphylococcus,Unknown species31,0,0,0,50
Bacteria,Firmicutes,Bacilli,Bacillales,Staphylococcaceae,Staphylococcus,Staphylococcus aureus,0,0,0,50
Bacteria,Firmicutes,Bacilli,Bacillales,Staphylococcaceae,Staphylococcus,Staphylococcus hominis,0,0,0,50
Bacteria,Firmicutes,Bacilli,Bacillales,Staphylococcaceae,Staphylococcus,Staphylococcus warneri,0,0,0,50
Bacteria,Firmicutes,Bacilli,Bacillales,Thermoactinomycetaceae,Planifilum,Unknown species11,0,0,0,50
Bacteria,Firmicutes,Bacilli,Bacillales,Thermoactinomycetaceae,Planifilum,Unknown species3,0,0,0,50
Bacteria,Firmicutes,Bacilli,Lactobacillales,Lactobacillaceae,Lactobacillus,Lactobacillus helveticus,0,0,0,50
Bacteria,Firmicutes,Bacilli,Lactobacillales,Streptococcaceae,Lactococcus,Lactococcus lactis,0,0,0,50
Bacteria,Firmicutes,Bacilli,Lactobacillales,Streptococcaceae,Streptococcus,Unknown species1178,0,0,0,50
Bacteria,Firmicutes,Bacilli,Lactobacillales,Streptococcaceae,Streptococcus,Streptococcus mitis,0,0,0,50
Bacteria,Firmicutes,Bacilli,Lactobacillales,Streptococcaceae,Streptococcus,Streptococcus salivarius,0,0,0,50
Bacteria,Firmicutes,Bacilli,Turicibacterales,Turicibacteraceae,Turicibacter,Unknown species42,0,0,0,50
Bacteria,Firmicutes,Clostridia,Clostridiales,Clostridiaceae,Clostridium,Unknown species1094,0,0,0,50
Bacteria,Firmicutes,Clostridia,Clostridiales,Peptostreptococcaceae,Clostridium XI,Unknown species115,0,0,0,50
Bacteria,Firmicutes,Clostridia,Clostridiales,Peptostreptococcaceae,Clostridium XI,Unknown species140,0,0,0,50
Bacteria,Firmicutes,Clostridia,Clostridiales,Ruminococcaceae,Faecalibacterium,Faecalibacterium prausnitzii,0,0,0,50
Bacteria,Firmicutes,Clostridia,Clostridiales,Unknown family,Unknown genus1847,Unknown species1,0,0,0,50
Bacteria,Gemmatimonadetes,Gemmatimonadetes,Gemmatimonadales,Gemmatimonadaceae,Gemmatimonas,Unknown species13,0,0,0.00508,50
Bacteria,Gemmatimonadetes,Gemmatimonadetes,Gemmatimonadales,Gemmatimonadaceae,Gemmatimonas,Unknown species33,0,0,0,50
Bacteria,Gemmatimonadetes,Gemmatimonadetes,Gemmatimonadales,Gemmatimonadaceae,Gemmatimonas,Unknown species45,0,0,0,50
Bacteria,Gemmatimonadetes,Gemmatimonadetes,Gemmatimonadales,Gemmatimonadaceae,Gemmatimonas,Unknown species48,0,0,0,50
Bacteria,Gemmatimonadetes,Gemmatimonadetes,Gemmatimonadales,Gemmatimonadaceae,Gemmatimonas,Unknown species5,0,0,0,50
Bacteria,Gemmatimonadetes,Gemmatimonadetes,Gemmatimonadales,Gemmatimonadaceae,Gemmatimonas,Unknown species527,0,0,0.000352,50
Bacteria,Gemmatimonadetes,Gemmatimonadetes,Gemmatimonadales,Gemmatimonadaceae,Gemmatimonas,Unknown species532,0,0,0.001724,50
Bacteria,Gemmatimonadetes,Gemmatimonadetes,Gemmatimonadales,Gemmatimonadaceae,Gemmatimonas,Unknown species554,0,0,0.00312,50
Bacteria,Gemmatimonadetes,Gemmatimonadetes,Gemmatimonadales,Gemmatimonadaceae,Gemmatimonas,Unknown species573,0,0,0.019668,50
Bacteria,Gemmatimonadetes,Gemmatimonadetes,Gemmatimonadales,Gemmatimonadaceae,Gemmatimonas,Unknown species577,0,0,0,50
Bacteria,Gemmatimonadetes,Gemmatimonadetes,Gemmatimonadales,Gemmatimonadaceae,Gemmatimonas,Unknown species97,0,0,0,50
Bacteria,Gemmatimonadetes,Gemmatimonadetes,Gemmatimonadales,Gemmatimonadaceae,Gemmatimonas,Unknown species99,0,0,0.002828,50
Bacteria,Nitrospirae,Nitrospira,Nitrospirales,Nitrospiraceae,Nitrospira,Unknown species257,0,0,0,50
Bacteria,Planctomycetes,Phycisphaerae,WD2101,Unknown family,Unknown genus132,Unknown species3,0,0,0.000382,50
Bacteria,Planctomycetes,Phycisphaerae,WD2101,Unknown family,Unknown genus19,Unknown species2,0,0,0.000633,50
Bacteria,Planctomycetes,Phycisphaerae,WD2101,Unknown family,Unknown genus51,Unknown species1,0,0,0.000517,50
Bacteria,Planctomycetes,Pla4,Unknown order,Unknown family,Unknown genus3,Unknown species5,0,0,0,50
Bacteria,Planctomycetes,Planctomycetia,Gemmatales,Gemmataceae,Gemmata,Unknown species75,0,0,0,50
Bacteria,Planctomycetes,Planctomycetia,Planctomycetales,Planctomycetaceae,Aquisphaera,Unknown species18,0,0,0.000625,50
Bacteria,Planctomycetes,Planctomycetia,Planctomycetales,Planctomycetaceae,Unknown genus160,Unknown species1,0,0,0.000102,50
Bacteria,Planctomycetes,Planctomycetia,Planctomycetales,Planctomycetaceae,Pirellula,Unknown species92,0,0,0.000176,50
Bacteria,Planctomycetes,Planctomycetia,Planctomycetales,Planctomycetaceae,Planctomyces,Unknown species280,0,0,0,50
Bacteria,Planctomycetes,Planctomycetia,Planctomycetales,Planctomycetaceae,Planctomyces,Unknown species292,0,0,0,50
Bacteria,Planctomycetes,Planctomycetia,Planctomycetales,Planctomycetaceae,Planctomyces,Unknown species356,0,0,0,50
Bacteria,Planctomycetes,Planctomycetia,Planctomycetales,Planctomycetaceae,Planctomyces,Unknown species437,0,0,0,50
Bacteria,Planctomycetes,Planctomycetia,Planctomycetales,Planctomycetaceae,Planctomyces,Unknown species64,0,0,0,50
Bacteria,Planctomycetes,Planctomycetia,Planctomycetales,Planctomycetaceae,Planctomyces,Unknown species80,0,0.001363,0.000306,50
Bacteria,Planctomycetes,Planctomycetia,Planctomycetales,Planctomycetaceae,Planctomyces,Unknown species94,0,0,0,50
Bacteria,Proteobacteria,Alphaproteobacteria,Caulobacterales,Caulobacteraceae,Asticcacaulis,Asticcacaulis biprosthecium,0,0,0,50
Bacteria,Proteobacteria,Alphaproteobacteria,Caulobacterales,Caulobacteraceae,Brevundimonas,Brevundimonas diminuta,0,0,0,50
Bacteria,Proteobacteria,Alphaproteobacteria,Caulobacterales,Caulobacteraceae,Caulobacter,Unknown species100,0,0,0,50
Bacteria,Proteobacteria,Alphaproteobacteria,Caulobacterales,Caulobacteraceae,Caulobacter,Unknown species12,0,0,0.000986,50
Bacteria,Proteobacteria,Alphaproteobacteria,Caulobacterales,Caulobacteraceae,Caulobacter,Unknown species2,0,0,0,50
Bacteria,Proteobacteria,Alphaproteobacteria,Caulobacterales,Caulobacteraceae,Caulobacter,Unknown species20,0,0,0,50
Bacteria,Proteobacteria,Alphaproteobacteria,Caulobacterales,Caulobacteraceae,Caulobacter,Unknown species35,0,0,0.001088,50
Bacteria,Proteobacteria,Alphaproteobacteria,Caulobacterales,Caulobacteraceae,Caulobacter,Caulobacter vibrioides,0,0,0,50
Bacteria,Proteobacteria,Alphaproteobacteria,Caulobacterales,Caulobacteraceae,Phenylobacterium,Unknown species22,0,0,0,50
Bacteria,Proteobacteria,Alphaproteobacteria,Caulobacterales,Caulobacteraceae,Phenylobacterium,Unknown species6,0,0,0,50
Bacteria,Proteobacteria,Alphaproteobacteria,Caulobacterales,Caulobacteraceae,Phenylobacterium,Unknown species69,0,0,0.001123,50
Bacteria,Proteobacteria,Alphaproteobacteria,Caulobacterales,Caulobacteraceae,Phenylobacterium,Unknown species72,0,0,0.00517,50
Bacteria,Proteobacteria,Alphaproteobacteria,Caulobacterales,Caulobacteraceae,Phenylobacterium,Unknown species74,0,0,0,50
Bacteria,Proteobacteria,Alphaproteobacteria,Caulobacterales,Caulobacteraceae,Phenylobacterium,Unknown species78,0,0,0,50
Bacteria,Proteobacteria,Alphaproteobacteria,Caulobacterales,Caulobacteraceae,Phenylobacterium,Phenylobacterium koreense,0,0,0,50
Bacteria,Proteobacteria,Alphaproteobacteria,Ellin329,Unknown family,Unknown genus19,Unknown species1,0,0,0,50
Bacteria,Proteobacteria,Alphaproteobacteria,Ellin329,Unknown family,Unknown genus4,Unknown species2,0,0,0,50
Bacteria,Proteobacteria,Alphaproteobacteria,Ellin329,Unknown family,Unknown genus63,Unknown species1,0,0,0,50
Bacteria,Proteobacteria,Alphaproteobacteria,Rhizobiales,Beijerinckiaceae,Unknown genus2,Unknown species1,0,0,0.001245,50
Bacteria,Proteobacteria,Alphaproteobacteria,Rhizobiales,Bradyrhizobiaceae,Afipia,Afipia felis,0,0,0,50
Bacteria,Proteobacteria,Alphaproteobacteria,Rhizobiales,Bradyrhizobiaceae,Unknown genus30,Unknown species1,0,0,0.006692,50
Bacteria,Proteobacteria,Alphaproteobacteria,Rhizobiales,Bradyrhizobiaceae,Balneimonas,Unknown species17,0,0,0.011723,50
Bacteria,Proteobacteria,Alphaproteobacteria,Rhizobiales,Bradyrhizobiaceae,Balneimonas,Unknown species2,0,0,0.012423,50
Bacteria,Proteobacteria,Alphaproteobacteria,Rhizobiales,Bradyrhizobiaceae,Balneimonas,Unknown species30,0,0,0.007873,50
Bacteria,Proteobacteria,Alphaproteobacteria,Rhizobiales,Bradyrhizobiaceae,Balneimonas,Unknown species34,0,0,0.000109,50
Bacteria,Proteobacteria,Alphaproteobacteria,Rhizobiales,Bradyrhizobiaceae,Balneimonas,Unknown species35,0,0,0,50
Bacteria,Proteobacteria,Alphaproteobacteria,Rhizobiales,Bradyrhizobiaceae,Balneimonas,Unknown species62,0,0,0.023689,50
Bacteria,Proteobacteria,Alphaproteobacteria,Rhizobiales,Bradyrhizobiaceae,Balneimonas,Unknown species63,0,0,0.003442,50
Bacteria,Proteobacteria,Alphaproteobacteria,Rhizobiales,Bradyrhizobiaceae,Balneimonas,Unknown species66,0,0,0.003405,50
Bacteria,Proteobacteria,Alphaproteobacteria,Rhizobiales,Bradyrhizobiaceae,Balneimonas,Unknown species68,0,0,0.002483,50
Bacteria,Proteobacteria,Alphaproteobacteria,Rhizobiales,Bradyrhizobiaceae,Balneimonas,Unknown species69,0,0,0.002874,50
Bacteria,Proteobacteria,Alphaproteobacteria,Rhizobiales,Bradyrhizobiaceae,Balneimonas,Unknown species7,0,0,0.043049,50
Bacteria,Proteobacteria,Alphaproteobacteria,Rhizobiales,Bradyrhizobiaceae,Balneimonas,Unknown species71,0,0,0,50
Bacteria,Proteobacteria,Alphaproteobacteria,Rhizobiales,Bradyrhizobiaceae,Balneimonas,Unknown species73,0,0,0,50
Bacteria,Proteobacteria,Alphaproteobacteria,Rhizobiales,Bradyrhizobiaceae,Balneimonas,Unknown species75,0,0,0.000717,50
Bacteria,Proteobacteria,Alphaproteobacteria,Rhizobiales,Bradyrhizobiaceae,Balneimonas,Unknown species9,0,0,0,50
Bacteria,Proteobacteria,Alphaproteobacteria,Rhizobiales,Bradyrhizobiaceae,Bosea,Unknown species23,0,0,0,50
Bacteria,Proteobacteria,Alphaproteobacteria,Rhizobiales,Bradyrhizobiaceae,Bosea,Unknown species86,0,0,0,50
Bacteria,Proteobacteria,Alphaproteobacteria,Rhizobiales,Bradyrhizobiaceae,Bradyrhizobium,Unknown species108,0,0,0,50
Bacteria,Proteobacteria,Alphaproteobacteria,Rhizobiales,Bradyrhizobiaceae,Bradyrhizobium,Unknown species110,0,0,0,50
Bacteria,Proteobacteria,Alphaproteobacteria,Rhizobiales,Bradyrhizobiaceae,Bradyrhizobium,Unknown species93,0,0,0,50
Bacteria,Proteobacteria,Alphaproteobacteria,Rhizobiales,Bradyrhizobiaceae,Bradyrhizobium,Bradyrhizobium canariense,0,0,0,50
Bacteria,Proteobacteria,Alphaproteobacteria,Rhizobiales,Bradyrhizobiaceae,Bradyrhizobium,Bradyrhizobium diazoefficiens,0,0,0.00094,50
Bacteria,Proteobacteria,Alphaproteobacteria,Rhizobiales,Bradyrhizobiaceae,Bradyrhizobium,Bradyrhizobium elkanii,0,0.034111,0.005398,50
Bacteria,Proteobacteria,Alphaproteobacteria,Rhizobiales,Bradyrhizobiaceae,Bradyrhizobium,Bradyrhizobium japonicum,0,0,0,50
Bacteria,Proteobacteria,Alphaproteobacteria,Rhizobiales,Bradyrhizobiaceae,Nitrobacter,Nitrobacter vulgaris,0,0,0,50
Bacteria,Proteobacteria,Alphaproteobacteria,Rhizobiales,Bradyrhizobiaceae,Nitrobacter,Nitrobacter winogradskyi,0,0,0,50
Bacteria,Proteobacteria,Alphaproteobacteria,Rhizobiales,Hyphomicrobiaceae,Devosia,Unknown species12,0,0,0,50
Bacteria,Proteobacteria,Alphaproteobacteria,Rhizobiales,Hyphomicrobiaceae,Devosia,Unknown species132,0,0,0.001675,50
Bacteria,Proteobacteria,Alphaproteobacteria,Rhizobiales,Hyphomicrobiaceae,Devosia,Unknown species200,0,0,0,50
Bacteria,Proteobacteria,Alphaproteobacteria,Rhizobiales,Hyphomicrobiaceae,Devosia,Unknown species215,0,0,0,50
Bacteria,Proteobacteria,Alphaproteobacteria,Rhizobiales,Hyphomicrobiaceae,Devosia,Unknown species32,0,0,0,50
Bacteria,Proteobacteria,Alphaproteobacteria,Rhizobiales,Hyphomicrobiaceae,Hyphomicrobium,Unknown species178,0,0,0,50
Bacteria,Proteobacteria,Alphaproteobacteria,Rhizobiales,Hyphomicrobiaceae,Hyphomicrobium,Unknown species179,0,0,0,50
Bacteria,Proteobacteria,Alphaproteobacteria,Rhizobiales,Hyphomicrobiaceae,Hyphomicrobium,Unknown species184,0,0,0.00009,50
Bacteria,Proteobacteria,Alphaproteobacteria,Rhizobiales,Hyphomicrobiaceae,Hyphomicrobium,Hyphomicrobium denitrificans,0,0,0,50
Bacteria,Proteobacteria,Alphaproteobacteria,Rhizobiales,Hyphomicrobiaceae,Rhodoplanes,Unknown species172,0,0,0,50
Bacteria,Proteobacteria,Alphaproteobacteria,Rhizobiales,Hyphomicrobiaceae,Rhodoplanes,Unknown species177,0,0,0,50
Bacteria,Proteobacteria,Alphaproteobacteria,Rhizobiales,Hyphomicrobiaceae,Rhodoplanes,Unknown species369,0,0,0,50
Bacteria,Proteobacteria,Alphaproteobacteria,Rhizobiales,Hyphomicrobiaceae,Rhodoplanes,Unknown species387,0,0,0.001308,50
Bacteria,Proteobacteria,Alphaproteobacteria,Rhizobiales,Hyphomicrobiaceae,Rhodoplanes,Unknown species389,0,0,0,50
Bacteria,Proteobacteria,Alphaproteobacteria,Rhizobiales,Hyphomicrobiaceae,Rhodoplanes,Unknown species412,0,0,0,50
Bacteria,Proteobacteria,Alphaproteobacteria,Rhizobiales,Hyphomicrobiaceae,Rhodoplanes,Unknown species419,0,0,0.002823,50
Bacteria,Proteobacteria,Alphaproteobacteria,Rhizobiales,Hyphomicrobiaceae,Rhodoplanes,Unknown species426,0,0,0.000618,50
Bacteria,Proteobacteria,Alphaproteobacteria,Rhizobiales,Hyphomicrobiaceae,Rhodoplanes,Unknown species477,0,0,0.000058,50
Bacteria,Proteobacteria,Alphaproteobacteria,Rhizobiales,Methylobacteriaceae,Methylobacterium,Unknown species115,0.001258,0,0,50
Bacteria,Proteobacteria,Alphaproteobacteria,Rhizobiales,Methylobacteriaceae,Methylobacterium,Unknown species15,0,0,0.000479,50
Bacteria,Proteobacteria,Alphaproteobacteria,Rhizobiales,Methylobacteriaceae,Methylobacterium,Methylobacterium extorquens,0,0,0.00082,50
Bacteria,Proteobacteria,Alphaproteobacteria,Rhizobiales,Methylobacteriaceae,Methylobacterium,Methylobacterium fujisawaense,0,0,0.000255,50
Bacteria,Proteobacteria,Alphaproteobacteria,Rhizobiales,Methylobacteriaceae,Methylobacterium,Methylobacterium mesophilicum,0,0,0.00069,50
Bacteria,Proteobacteria,Alphaproteobacteria,Rhizobiales,Methylobacteriaceae,Methylobacterium,Methylobacterium oxalidis,0,0,0.001053,50
Bacteria,Proteobacteria,Alphaproteobacteria,Rhizobiales,Methylobacteriaceae,Methylobacterium,Methylobacterium soli,0,0,0.002272,50
Bacteria,Proteobacteria,Alphaproteobacteria,Rhizobiales,Methylobacteriaceae,Microvirga,Unknown species27,0,0,0.005627,50
Bacteria,Proteobacteria,Alphaproteobacteria,Rhizobiales,Methylobacteriaceae,Microvirga,Unknown species4,0,0,0.001593,50
Bacteria,Proteobacteria,Alphaproteobacteria,Rhizobiales,Methylobacteriaceae,Microvirga,Microvirga aerilata,0,0,0.002538,50
Bacteria,Proteobacteria,Alphaproteobacteria,Rhizobiales,Methylobacteriaceae,Microvirga,Microvirga aerophila,0,0,0.007565,50
Bacteria,Proteobacteria,Alphaproteobacteria,Rhizobiales,Methylobacteriaceae,Microvirga,Microvirga flocculans,0,0,0.008999,50
Bacteria,Proteobacteria,Alphaproteobacteria,Rhizobiales,Methylobacteriaceae,Microvirga,Microvirga guangxiensis,0,0,0,50
Bacteria,Proteobacteria,Alphaproteobacteria,Rhizobiales,Methylobacteriaceae,Microvirga,Microvirga subterranea,0,0,0.002354,50
Bacteria,Proteobacteria,Alphaproteobacteria,Rhizobiales,Methylocystaceae,Methylocystis,Unknown species1,0,0,0,50
Bacteria,Proteobacteria,Alphaproteobacteria,Rhizobiales,Phyllobacteriaceae,Defluvibacter,Unknown species4,0,0,0,50
Bacteria,Proteobacteria,Alphaproteobacteria,Rhizobiales,Phyllobacteriaceae,Mesorhizobium,Unknown species14,0,0,0,50
Bacteria,Proteobacteria,Alphaproteobacteria,Rhizobiales,Phyllobacteriaceae,Mesorhizobium,Unknown species38,0,0,0,50
Bacteria,Proteobacteria,Alphaproteobacteria,Rhizobiales,Phyllobacteriaceae,Mesorhizobium,Unknown species7,0,0,0.001099,50
Bacteria,Proteobacteria,Alphaproteobacteria,Rhizobiales,Phyllobacteriaceae,Mesorhizobium,Mesorhizobium amorphae,0,0,0,50
Bacteria,Proteobacteria,Alphaproteobacteria,Rhizobiales,Phyllobacteriaceae,Mesorhizobium,Mesorhizobium loti,0,0,0,50
Bacteria,Proteobacteria,Alphaproteobacteria,Rhizobiales,Phyllobacteriaceae,Mesorhizobium,Mesorhizobium opportunistum,0,0,0,50
Bacteria,Proteobacteria,Alphaproteobacteria,Rhizobiales,Phyllobacteriaceae,Phyllobacterium,Phyllobacterium endophyticum,0,0,0.00127,50
Bacteria,Proteobacteria,Alphaproteobacteria,Rhizobiales,Rhizobiaceae,Agrobacterium,Unknown species108,0,0,0,50
Bacteria,Proteobacteria,Alphaproteobacteria,Rhizobiales,Rhizobiaceae,Agrobacterium,Unknown species117,0,0,0,50
Bacteria,Proteobacteria,Alphaproteobacteria,Rhizobiales,Rhizobiaceae,Agrobacterium,Unknown species165,0,0,0,50
Bacteria,Proteobacteria,Alphaproteobacteria,Rhizobiales,Rhizobiaceae,Agrobacterium,Unknown species170,0,0,0,50
Bacteria,Proteobacteria,Alphaproteobacteria,Rhizobiales,Rhizobiaceae,Agrobacterium,Unknown species234,0,0,0,50
Bacteria,Proteobacteria,Alphaproteobacteria,Rhizobiales,Rhizobiaceae,Agrobacterium,Unknown species251,0,0,0,50
Bacteria,Proteobacteria,Alphaproteobacteria,Rhizobiales,Rhizobiaceae,Unknown genus46,Unknown species1,0,0,0,50
Bacteria,Proteobacteria,Alphaproteobacteria,Rhizobiales,Rhizobiaceae,Ensifer,Ensifer fredii,0,0,0,50
Bacteria,Proteobacteria,Alphaproteobacteria,Rhizobiales,Rhizobiaceae,Ensifer,Ensifer medicae,0,0,0,50
Bacteria,Proteobacteria,Alphaproteobacteria,Rhizobiales,Rhizobiaceae,Ensifer,Ensifer meliloti,0,0,0,50
Bacteria,Proteobacteria,Alphaproteobacteria,Rhizobiales,Rhizobiaceae,Rhizobium,Rhizobium alkalisoli,0,0,0,50
Bacteria,Proteobacteria,Alphaproteobacteria,Rhizobiales,Rhizobiaceae,Rhizobium,Rhizobium cellulosilyticum,0,0,0,50
Bacteria,Proteobacteria,Alphaproteobacteria,Rhizobiales,Rhizobiaceae,Rhizobium,Rhizobium etli,0,0,0,50
Bacteria,Proteobacteria,Alphaproteobacteria,Rhizobiales,Rhizobiaceae,Rhizobium,Rhizobium galegae,0,0.022395,0,50
Bacteria,Proteobacteria,Alphaproteobacteria,Rhizobiales,Rhizobiaceae,Rhizobium,Rhizobium huautlense,0,0,0,50
Bacteria,Proteobacteria,Alphaproteobacteria,Rhizobiales,Rhizobiaceae,Rhizobium,Rhizobium leguminosarum,0,0.024902,0.005096,50
Bacteria,Proteobacteria,Alphaproteobacteria,Rhizobiales,Rhizobiaceae,Rhizobium,Rhizobium radiobacter,0,0,0,50
Bacteria,Proteobacteria,Alphaproteobacteria,Rhizobiales,Rhizobiaceae,Shinella,Shinella granuli,0,0,0,50
Bacteria,Proteobacteria,Alphaproteobacteria,Rhizobiales,Rhodobiaceae,Afifella,Unknown species29,0,0,0.001247,50
Bacteria,Proteobacteria,Alphaproteobacteria,Rhizobiales,Rhodobiaceae,Afifella,Unknown species35,0,0,0,50
Bacteria,Proteobacteria,Alphaproteobacteria,Rhizobiales,Rhodobiaceae,Unknown genus12,Unknown species1,0,0.00619,0,50
Bacteria,Proteobacteria,Alphaproteobacteria,Rhizobiales,Unknown family,Unknown genus18,Unknown species1,0,0,0,50
Bacteria,Proteobacteria,Alphaproteobacteria,Rhizobiales,Unknown family,Unknown genus194,Unknown species1,0,0,0,50
Bacteria,Proteobacteria,Alphaproteobacteria,Rhizobiales,Xanthobacteraceae,Ancylobacter,Ancylobacter aquaticus,0,0.000258,0,50
Bacteria,Proteobacteria,Alphaproteobacteria,Rhodobacterales,Hyphomonadaceae,Unknown genus85,Unknown species2,0,0.001658,0,50
Bacteria,Proteobacteria,Alphaproteobacteria,Rhodobacterales,Rhodobacteraceae,Paracoccus,Paracoccus aminovorans,0,0,0,50
Bacteria,Proteobacteria,Alphaproteobacteria,Rhodospirillales,Acetobacteraceae,Unknown genus114,Unknown species2,0,0,0,50
Bacteria,Proteobacteria,Alphaproteobacteria,Rhodospirillales,Acetobacteraceae,Unknown genus114,Unknown species3,0,0,0,50
Bacteria,Proteobacteria,Alphaproteobacteria,Rhodospirillales,Acetobacteraceae,Unknown genus36,Unknown species1,0,0,0,50
Bacteria,Proteobacteria,Alphaproteobacteria,Rhodospirillales,Acetobacteraceae,Roseomonas,Unknown species81,0,0,0.001472,50
Bacteria,Proteobacteria,Alphaproteobacteria,Rhodospirillales,Acetobacteraceae,Roseomonas,Roseomonas mucosa,0,0,0,50
Bacteria,Proteobacteria,Alphaproteobacteria,Rhodospirillales,Rhodospirillaceae,Unknown genus110,Unknown species1,0,0,0,50
Bacteria,Proteobacteria,Alphaproteobacteria,Rhodospirillales,Rhodospirillaceae,Unknown genus172,Unknown species1,0,0,0,50
Bacteria,Proteobacteria,Alphaproteobacteria,Rhodospirillales,Rhodospirillaceae,Unknown genus31,Unknown species2,0,0,0,50
Bacteria,Proteobacteria,Alphaproteobacteria,Rhodospirillales,Rhodospirillaceae,Unknown genus37,Unknown species1,0,0,0,50
Bacteria,Proteobacteria,Alphaproteobacteria,Rhodospirillales,Rhodospirillaceae,Unknown genus54,Unknown species5,0,0,0.001032,50
Bacteria,Proteobacteria,Alphaproteobacteria,Rhodospirillales,Rhodospirillaceae,Unknown genus636,Unknown species4,0,0,0,50
Bacteria,Proteobacteria,Alphaproteobacteria,Rhodospirillales,Rhodospirillaceae,Unknown genus636,Unknown species8,0,0,0.000917,50
Bacteria,Proteobacteria,Alphaproteobacteria,Rhodospirillales,Rhodospirillaceae,Unknown genus667,Unknown species4,0,0,0,50
Bacteria,Proteobacteria,Alphaproteobacteria,Rhodospirillales,Rhodospirillaceae,Azospirillum,Unknown species54,0,0,0,50
Bacteria,Proteobacteria,Alphaproteobacteria,Rhodospirillales,Rhodospirillaceae,Azospirillum,Unknown species58,0,0,0,50
Bacteria,Proteobacteria,Alphaproteobacteria,Rhodospirillales,Rhodospirillaceae,Azospirillum,Azospirillum oryzae,0,0,0,50
Bacteria,Proteobacteria,Alphaproteobacteria,Rhodospirillales,Rhodospirillaceae,Dongia,Unknown species123,0,0,0,50
Bacteria,Proteobacteria,Alphaproteobacteria,Rhodospirillales,Rhodospirillaceae,Dongia,Unknown species72,0,0,0,50
Bacteria,Proteobacteria,Alphaproteobacteria,Rhodospirillales,Rhodospirillaceae,Skermanella,Unknown species31,0,0,0.012482,50
Bacteria,Proteobacteria,Alphaproteobacteria,Rhodospirillales,Rhodospirillaceae,Skermanella,Unknown species9,0,0,0,50
Bacteria,Proteobacteria,Alphaproteobacteria,Rhodospirillales,Rhodospirillaceae,Skermanella,Skermanella aerolata,0,0,0.028306,50
Bacteria,Proteobacteria,Alphaproteobacteria,Rhodospirillales,Unknown family,Unknown genus90,Unknown species1,0,0,0.001597,50
Bacteria,Proteobacteria,Alphaproteobacteria,Rickettsiales,mitochondria,Unknown genus,Unknown species,0,0,0,50
Bacteria,Proteobacteria,Alphaproteobacteria,Sphingomonadales,Erythrobacteraceae,Altererythrobacter,Unknown species116,0,0,0,50
Bacteria,Proteobacteria,Alphaproteobacteria,Sphingomonadales,Erythrobacteraceae,Altererythrobacter,Unknown species136,0,0,0,50
Bacteria,Proteobacteria,Alphaproteobacteria,Sphingomonadales,Erythrobacteraceae,Unknown genus11,Unknown species1,0,0,0.00103,50
Bacteria,Proteobacteria,Alphaproteobacteria,Sphingomonadales,Sphingomonadaceae,Kaistobacter,Kaistobacter Unknown,0.026424,0.036819,0.03042,50
Bacteria,Proteobacteria,Alphaproteobacteria,Sphingomonadales,Sphingomonadaceae,Novosphingobium,Unknown species213,0,0,0.000072,50
Bacteria,Proteobacteria,Alphaproteobacteria,Sphingomonadales,Sphingomonadaceae,Sphingobium,Unknown species6,0,0,0,50
Bacteria,Proteobacteria,Alphaproteobacteria,Sphingomonadales,Sphingomonadaceae,Sphingobium,Sphingobium amiense,0,0,0,50
Bacteria,Proteobacteria,Alphaproteobacteria,Sphingomonadales,Sphingomonadaceae,Sphingobium,Sphingobium quisquiliarum,0,0,0,50
Bacteria,Proteobacteria,Alphaproteobacteria,Sphingomonadales,Sphingomonadaceae,Sphingobium,Sphingobium yanoikuyae,0,0,0,50
Bacteria,Proteobacteria,Alphaproteobacteria,Sphingomonadales,Sphingomonadaceae,Sphingomonas,Unknown species114,0,0,0.000381,50
Bacteria,Proteobacteria,Alphaproteobacteria,Sphingomonadales,Sphingomonadaceae,Sphingomonas,Unknown species160,0,0,0,50
Bacteria,Proteobacteria,Alphaproteobacteria,Sphingomonadales,Sphingomonadaceae,Sphingomonas,Unknown species288,0,0,0.002124,50
Bacteria,Proteobacteria,Alphaproteobacteria,Sphingomonadales,Sphingomonadaceae,Sphingomonas,Unknown species465,0,0,0,50
Bacteria,Proteobacteria,Alphaproteobacteria,Sphingomonadales,Sphingomonadaceae,Sphingomonas,Unknown species469,0,0,0.001251,50
Bacteria,Proteobacteria,Alphaproteobacteria,Sphingomonadales,Sphingomonadaceae,Sphingomonas,Unknown species480,0,0,0.013049,50
Bacteria,Proteobacteria,Alphaproteobacteria,Sphingomonadales,Sphingomonadaceae,Sphingomonas,Unknown species495,0,0,0,50
Bacteria,Proteobacteria,Alphaproteobacteria,Sphingomonadales,Sphingomonadaceae,Sphingomonas,Unknown species519,0,0,0,50
Bacteria,Proteobacteria,Alphaproteobacteria,Sphingomonadales,Sphingomonadaceae,Sphingomonas,Unknown species55,0,0,0.000527,50
Bacteria,Proteobacteria,Alphaproteobacteria,Sphingomonadales,Sphingomonadaceae,Sphingomonas,Sphingomonas aerolata,0.016043,0,0,50
Bacteria,Proteobacteria,Alphaproteobacteria,Sphingomonadales,Sphingomonadaceae,Sphingopyxis,Sphingopyxis alaskensis,0,0,0,50
Bacteria,Proteobacteria,Betaproteobacteria,Burkholderiales,Alcaligenaceae,Achromobacter,Achromobacter denitrificans,0,0,0,50
Bacteria,Proteobacteria,Betaproteobacteria,Burkholderiales,Alcaligenaceae,Achromobacter,Unknown species85,0,0,0,50
Bacteria,Proteobacteria,Betaproteobacteria,Burkholderiales,Alcaligenaceae,Achromobacter,Unknown species87,0,0,0,50
Bacteria,Proteobacteria,Betaproteobacteria,Burkholderiales,Burkholderiaceae,Burkholderia,Unknown species127,0,0,0,50
Bacteria,Proteobacteria,Betaproteobacteria,Burkholderiales,Burkholderiaceae,Burkholderia,Unknown species338,0,0,0,50
Bacteria,Proteobacteria,Betaproteobacteria,Burkholderiales,Burkholderiaceae,Burkholderia,Burkholderia cepacia,0,0,0,50
Bacteria,Proteobacteria,Betaproteobacteria,Burkholderiales,Burkholderiaceae,Burkholderia,Burkholderia fungorum,0,0,0,50
Bacteria,Proteobacteria,Betaproteobacteria,Burkholderiales,Burkholderiaceae,Burkholderia,Burkholderia glathei,0,0,0,50
Bacteria,Proteobacteria,Betaproteobacteria,Burkholderiales,Burkholderiaceae,Burkholderia,Burkholderia phytofirmans,0,0,0,50
Bacteria,Proteobacteria,Betaproteobacteria,Burkholderiales,Comamonadaceae,Acidovorax,Acidovorax cattleyae,0,0,0,50
Bacteria,Proteobacteria,Betaproteobacteria,Burkholderiales,Comamonadaceae,Acidovorax,Acidovorax citrulli,0,0,0,50
Bacteria,Proteobacteria,Betaproteobacteria,Burkholderiales,Comamonadaceae,Acidovorax,Acidovorax delafieldii,0,0,0,50
Bacteria,Proteobacteria,Betaproteobacteria,Burkholderiales,Comamonadaceae,Acidovorax,Acidovorax facilis,0,0,0,50
Bacteria,Proteobacteria,Betaproteobacteria,Burkholderiales,Comamonadaceae,Acidovorax,Acidovorax soli,0,0,0,50
Bacteria,Proteobacteria,Betaproteobacteria,Burkholderiales,Comamonadaceae,Acidovorax,Acidovorax temperans,0,0,0,50
Bacteria,Proteobacteria,Betaproteobacteria,Burkholderiales,Comamonadaceae,Acidovorax,Unknown species92,0,0,0,50
Bacteria,Proteobacteria,Betaproteobacteria,Burkholderiales,Comamonadaceae,Alicycliphilus,Unknown species1,0,0,0,50
Bacteria,Proteobacteria,Betaproteobacteria,Burkholderiales,Comamonadaceae,Unknown genus311,Unknown species1,0,0,0.001381,50
Bacteria,Proteobacteria,Betaproteobacteria,Burkholderiales,Comamonadaceae,Unknown genus319,Unknown species2,0,0.003611,0.000507,50
Bacteria,Proteobacteria,Betaproteobacteria,Burkholderiales,Comamonadaceae,Azohydromonas,Unknown species8,0,0,0,50
Bacteria,Proteobacteria,Betaproteobacteria,Burkholderiales,Comamonadaceae,Delftia,Delftia acidovorans,0,0,0,50
Bacteria,Proteobacteria,Betaproteobacteria,Burkholderiales,Comamonadaceae,Diaphorobacter,Diaphorobacter nitroreducens,0.009909,0.007544,0,50
Bacteria,Proteobacteria,Betaproteobacteria,Burkholderiales,Comamonadaceae,Limnohabitans,Unknown species204,0,0,0.007651,50
Bacteria,Proteobacteria,Betaproteobacteria,Burkholderiales,Comamonadaceae,Limnohabitans,Limnohabitans planktonicus,0,0,0,50
Bacteria,Proteobacteria,Betaproteobacteria,Burkholderiales,Comamonadaceae,Methylibium,Unknown species166,0,0,0.005853,50
Bacteria,Proteobacteria,Betaproteobacteria,Burkholderiales,Comamonadaceae,Methylibium,Unknown species24,0,0,0.007266,50
Bacteria,Proteobacteria,Betaproteobacteria,Burkholderiales,Comamonadaceae,Pelomonas,Pelomonas puraquae,0,0,0,50
Bacteria,Proteobacteria,Betaproteobacteria,Burkholderiales,Comamonadaceae,Ramlibacter,Unknown species11,0,0,0.012514,50
Bacteria,Proteobacteria,Betaproteobacteria,Burkholderiales,Comamonadaceae,Ramlibacter,Unknown species49,0,0,0.009379,50
Bacteria,Proteobacteria,Betaproteobacteria,Burkholderiales,Comamonadaceae,Ramlibacter,Unknown species64,0,0,0.000541,50
Bacteria,Proteobacteria,Betaproteobacteria,Burkholderiales,Comamonadaceae,Ramlibacter,Unknown species67,0,0,0.000172,50
Bacteria,Proteobacteria,Betaproteobacteria,Burkholderiales,Comamonadaceae,Simplicispira,Unknown species10,0,0,0,50
Bacteria,Proteobacteria,Betaproteobacteria,Burkholderiales,Comamonadaceae,Simplicispira,Unknown species43,0,0,0,50
Bacteria,Proteobacteria,Betaproteobacteria,Burkholderiales,Comamonadaceae,Variovorax,Variovorax paradoxus,0,0,0.006142,50
Bacteria,Proteobacteria,Betaproteobacteria,Burkholderiales,Oxalobacteraceae,Duganella,Unknown species11,0,0,0.000996,50
Bacteria,Proteobacteria,Betaproteobacteria,Burkholderiales,Oxalobacteraceae,Herbaspirillum,Herbaspirillum aquaticum,0,0,0,50
Bacteria,Proteobacteria,Betaproteobacteria,Burkholderiales,Oxalobacteraceae,Herbaspirillum,Herbaspirillum huttiense,0,0,0,50
Bacteria,Proteobacteria,Betaproteobacteria,Burkholderiales,Oxalobacteraceae,Herbaspirillum,Herbaspirillum seropedicae,0,0,0,50
Bacteria,Proteobacteria,Betaproteobacteria,Burkholderiales,Oxalobacteraceae,Herminiimonas,Unknown species24,0,0,0.000785,50
Bacteria,Proteobacteria,Betaproteobacteria,Burkholderiales,Oxalobacteraceae,Janthinobacterium,Unknown species140,0,0,0.005479,50
Bacteria,Proteobacteria,Betaproteobacteria,Burkholderiales,Oxalobacteraceae,Janthinobacterium,Unknown species59,0,0,0.000458,50
Bacteria,Proteobacteria,Betaproteobacteria,Burkholderiales,Oxalobacteraceae,Janthinobacterium,Janthinobacterium lividum,0,0,0.000091,50
Bacteria,Proteobacteria,Betaproteobacteria,Burkholderiales,Oxalobacteraceae,Massilia,Unknown species136,0,0,0,50
Bacteria,Proteobacteria,Betaproteobacteria,Burkholderiales,Oxalobacteraceae,Massilia,Unknown species20,0,0,0.002157,50
Bacteria,Proteobacteria,Betaproteobacteria,Burkholderiales,Oxalobacteraceae,Massilia,Unknown species95,0,0,0,50
Bacteria,Proteobacteria,Betaproteobacteria,Burkholderiales,Oxalobacteraceae,Massilia,Massilia albidiflava,0,0,0,50
Bacteria,Proteobacteria,Betaproteobacteria,Burkholderiales,Oxalobacteraceae,Massilia,Massilia dura,0,0,0,50
Bacteria,Proteobacteria,Betaproteobacteria,Burkholderiales,Oxalobacteraceae,Massilia,Massilia timonae,0,0,0.002592,50
Bacteria,Proteobacteria,Betaproteobacteria,Burkholderiales,Oxalobacteraceae,Noviherbaspirillum,Unknown species31,0,0,0,50
Bacteria,Proteobacteria,Betaproteobacteria,Burkholderiales,Oxalobacteraceae,Ralstonia,Unknown species2,0,0,0,50
Bacteria,Proteobacteria,Betaproteobacteria,Ellin6067,Unknown family,Unknown genus18,Unknown species5,0,0,0.003442,50
Bacteria,Proteobacteria,Betaproteobacteria,MND1,Unknown family,Unknown genus104,Unknown species1,0,0,0,50
Bacteria,Proteobacteria,Betaproteobacteria,MND1,Unknown family,Unknown genus3,Unknown species1,0,0,0,50
Bacteria,Proteobacteria,Betaproteobacteria,MND1,Unknown family,Unknown genus71,Unknown species1,0,0,0.001018,50
Bacteria,Proteobacteria,Betaproteobacteria,MND1,Unknown family,Unknown genus97,Unknown species2,0,0,0,50
Bacteria,Proteobacteria,Betaproteobacteria,Methylophilales,Methylophilaceae,Unknown genus44,Unknown species1,0,0,0,50
Bacteria,Proteobacteria,Betaproteobacteria,Methylophilales,Methylophilaceae,Methylotenera,Methylotenera mobilis,0,0,0,50
Bacteria,Proteobacteria,Betaproteobacteria,Methylophilales,Methylophilaceae,Methylovorus,Unknown species3,0,0,0,50
Bacteria,Proteobacteria,Betaproteobacteria,Nitrosomonadales,Nitrosomonadaceae,Nitrosospira,Unknown species4,0,0,0,50
Bacteria,Proteobacteria,Betaproteobacteria,Nitrosomonadales,Nitrosomonadaceae,Nitrosovibrio,Nitrosovibrio tenuis,0,0,0,50
Bacteria,Proteobacteria,Betaproteobacteria,Rhodocyclales,Rhodocyclaceae,Azospira,Azospira oryzae,0,0,0,50
Bacteria,Proteobacteria,Betaproteobacteria,Rhodocyclales,Rhodocyclaceae,Shinella,Shinella fusca,0,0,0,50
Bacteria,Proteobacteria,Betaproteobacteria,Rhodocyclales,Rhodocyclaceae,Zoogloea,Zoogloea resiniphila,0,0,0,50
Bacteria,Proteobacteria,Betaproteobacteria,Unknown order,Unknown family,Unknown genus201,Unknown species4,0,0,0,50
Bacteria,Proteobacteria,Betaproteobacteria,Unknown order,Unknown family,Unknown genus246,Unknown species1,0,0,0,50
Bacteria,Proteobacteria,Deltaproteobacteria,Desulfovibrionales,Desulfovibrionaceae,Desulfovibrio,Desulfovibrio vulgaris,0,0,0,50
Bacteria,Proteobacteria,Deltaproteobacteria,Myxococcales,Cystobacteraceae,Cystobacter,Unknown species20,0,0,0.001948,50
Bacteria,Proteobacteria,Deltaproteobacteria,Myxococcales,Cystobacteraceae,Cystobacter,Unknown species6,0,0,0.002795,50
Bacteria,Proteobacteria,Deltaproteobacteria,Myxococcales,Cystobacteraceae,Cystobacter,Cystobacter ferrugineus,0,0,0,50
Bacteria,Proteobacteria,Deltaproteobacteria,Myxococcales,Haliangiaceae,Unknown genus9,Unknown species1,0,0,0,50
Bacteria,Proteobacteria,Deltaproteobacteria,Myxococcales,Haliangiaceae,Haliangium,Unknown species15,0,0,0,50
Bacteria,Proteobacteria,Deltaproteobacteria,Myxococcales,Myxococcaceae,Myxococcus,Unknown species14,0,0,0,50
Bacteria,Proteobacteria,Deltaproteobacteria,Myxococcales,Myxococcaceae,Myxococcus,Corallococcus macrosporus,0,0,0.00292,50
Bacteria,Proteobacteria,Deltaproteobacteria,Myxococcales,Myxococcaceae,Myxococcus,Myxococcus virescens,0,0,0,50
Bacteria,Proteobacteria,Deltaproteobacteria,Myxococcales,Polyangiaceae,Sorangium,Sorangium cellulosum,0,0,0,50
Bacteria,Proteobacteria,Deltaproteobacteria,Myxococcales,Unknown family,Unknown genus316,Unknown species2,0,0,0.000546,50
Bacteria,Proteobacteria,Deltaproteobacteria,Myxococcales,Unknown family,Unknown genus357,Unknown species1,0,0,0,50
Bacteria,Proteobacteria,Deltaproteobacteria,Myxococcales,Unknown family,Unknown genus79,Unknown species1,0,0,0.001805,50
Bacteria,Proteobacteria,Gammaproteobacteria,Enterobacteriales,Enterobacteriaceae,Unknown genus187,Unknown species1,0,0,0,50
Bacteria,Proteobacteria,Gammaproteobacteria,Enterobacteriales,Enterobacteriaceae,Enterobacter,Unknown species340,0,0,0,50
Bacteria,Proteobacteria,Gammaproteobacteria,Enterobacteriales,Enterobacteriaceae,Enterobacter,Enterobacter asburiae,0,0,0,50
Bacteria,Proteobacteria,Gammaproteobacteria,Enterobacteriales,Enterobacteriaceae,Enterobacter,Enterobacter cloacae,0,0,0,50
Bacteria,Proteobacteria,Gammaproteobacteria,Enterobacteriales,Enterobacteriaceae,Escherichia/Shigella,Unknown species151,0,0,0,50
Bacteria,Proteobacteria,Gammaproteobacteria,Enterobacteriales,Enterobacteriaceae,Escherichia/Shigella,Unknown species318,0.02197,0,0,50
Bacteria,Proteobacteria,Gammaproteobacteria,Enterobacteriales,Enterobacteriaceae,Escherichia/Shigella,Unknown species403,0.000003,0,0,50
Bacteria,Proteobacteria,Gammaproteobacteria,Enterobacteriales,Enterobacteriaceae,Escherichia/Shigella,Unknown species436,0.000162,0,0,50
Bacteria,Proteobacteria,Gammaproteobacteria,Enterobacteriales,Enterobacteriaceae,Escherichia/Shigella,Unknown species444,0,0,0.000086,50
Bacteria,Proteobacteria,Gammaproteobacteria,Enterobacteriales,Enterobacteriaceae,Escherichia/Shigella,Unknown species6,0,0,0,50
Bacteria,Proteobacteria,Gammaproteobacteria,Enterobacteriales,Enterobacteriaceae,Escherichia/Shigella,Unknown species646,0,0,0,50
Bacteria,Proteobacteria,Gammaproteobacteria,Enterobacteriales,Enterobacteriaceae,Escherichia/Shigella,Unknown species730,0,0,0,50
Bacteria,Proteobacteria,Gammaproteobacteria,Enterobacteriales,Enterobacteriaceae,Escherichia/Shigella,Escherichia/Shigella dysenteriae,0,0,0,50
Bacteria,Proteobacteria,Gammaproteobacteria,Enterobacteriales,Enterobacteriaceae,Escherichia/Shigella,Escherichia/Shigella fergusonii,0,0,0,50
Bacteria,Proteobacteria,Gammaproteobacteria,Enterobacteriales,Enterobacteriaceae,Escherichia/Shigella,Escherichia/Shigella flexneri,0,0.001161,0,50
Bacteria,Proteobacteria,Gammaproteobacteria,Enterobacteriales,Enterobacteriaceae,Proteus,Proteus mirabilis,0,0,0,50
Bacteria,Proteobacteria,Gammaproteobacteria,Enterobacteriales,Enterobacteriaceae,Serratia,Serratia liquefaciens,0,0,0,50
Bacteria,Proteobacteria,Gammaproteobacteria,Pseudomonadales,Moraxellaceae,Acinetobacter,Acinetobacter lwoffii,0,0,0,50
Bacteria,Proteobacteria,Gammaproteobacteria,Pseudomonadales,Pseudomonadaceae,Pseudomonas,Unknown species167,0,0,0,50
Bacteria,Proteobacteria,Gammaproteobacteria,Pseudomonadales,Pseudomonadaceae,Pseudomonas,Unknown species244,0.010381,0,0,50
Bacteria,Proteobacteria,Gammaproteobacteria,Pseudomonadales,Pseudomonadaceae,Pseudomonas,Pseudomonas baetica,0,0,0,50
Bacteria,Proteobacteria,Gammaproteobacteria,Pseudomonadales,Pseudomonadaceae,Pseudomonas,Pseudomonas cannabina,0,0,0,50
Bacteria,Proteobacteria,Gammaproteobacteria,Pseudomonadales,Pseudomonadaceae,Pseudomonas,Pseudomonas citronellolis,0,0,0,50
Bacteria,Proteobacteria,Gammaproteobacteria,Pseudomonadales,Pseudomonadaceae,Pseudomonas,Pseudomonas fluorescens,0,0,0,50
Bacteria,Proteobacteria,Gammaproteobacteria,Pseudomonadales,Pseudomonadaceae,Pseudomonas,Pseudomonas fragi,0,0,0,50
Bacteria,Proteobacteria,Gammaproteobacteria,Pseudomonadales,Pseudomonadaceae,Pseudomonas,Pseudomonas monteilii,0,0,0,50
Bacteria,Proteobacteria,Gammaproteobacteria,Pseudomonadales,Pseudomonadaceae,Pseudomonas,Pseudomonas nitroreducens,0,0,0,50
Bacteria,Proteobacteria,Gammaproteobacteria,Pseudomonadales,Pseudomonadaceae,Pseudomonas,Pseudomonas putida,0,0,0,50
Bacteria,Proteobacteria,Gammaproteobacteria,Pseudomonadales,Pseudomonadaceae,Pseudomonas,Pseudomonas stutzeri,0,0,0,50
Bacteria,Proteobacteria,Gammaproteobacteria,Pseudomonadales,Pseudomonadaceae,Pseudomonas,Pseudomonas syringae,0,0,0,50
Bacteria,Proteobacteria,Gammaproteobacteria,Xanthomonadales,Sinobacteraceae,Steroidobacter,Unknown species211,0,0,0.003737,50
Bacteria,Proteobacteria,Gammaproteobacteria,Xanthomonadales,Sinobacteraceae,Steroidobacter,Unknown species229,0,0,0,50
Bacteria,Proteobacteria,Gammaproteobacteria,Xanthomonadales,Sinobacteraceae,Steroidobacter,Unknown species247,0,0,0,50
Bacteria,Proteobacteria,Gammaproteobacteria,Xanthomonadales,Sinobacteraceae,Steroidobacter,Unknown species268,0,0,0.001157,50
Bacteria,Proteobacteria,Gammaproteobacteria,Xanthomonadales,Sinobacteraceae,Steroidobacter,Unknown species273,0,0,0.000461,50
Bacteria,Proteobacteria,Gammaproteobacteria,Xanthomonadales,Sinobacteraceae,Steroidobacter,Unknown species277,0,0.008125,0,50
Bacteria,Proteobacteria,Gammaproteobacteria,Xanthomonadales,Sinobacteraceae,Steroidobacter,Unknown species34,0,0,0.009468,50
Bacteria,Proteobacteria,Gammaproteobacteria,Xanthomonadales,Sinobacteraceae,Steroidobacter,Unknown species5,0,0,0.000081,50
Bacteria,Proteobacteria,Gammaproteobacteria,Xanthomonadales,Sinobacteraceae,Steroidobacter,Unknown species70,0,0,0,50
Bacteria,Proteobacteria,Gammaproteobacteria,Xanthomonadales,Sinobacteraceae,Steroidobacter,Unknown species79,0,0,0.008355,50
Bacteria,Proteobacteria,Gammaproteobacteria,Xanthomonadales,Sinobacteraceae,Steroidobacter,Unknown species82,0,0,0,50
Bacteria,Proteobacteria,Gammaproteobacteria,Xanthomonadales,Xanthomonadaceae,Dokdonella,Dokdonella fugitiva,0,0,0,50
Bacteria,Proteobacteria,Gammaproteobacteria,Xanthomonadales,Xanthomonadaceae,Dyella,Unknown species18,0,0,0,50
Bacteria,Proteobacteria,Gammaproteobacteria,Xanthomonadales,Xanthomonadaceae,Dyella,Dyella ginsengisoli,0,0,0,50
Bacteria,Proteobacteria,Gammaproteobacteria,Xanthomonadales,Xanthomonadaceae,Lysobacter,Unknown species111,0,0,0,50
Bacteria,Proteobacteria,Gammaproteobacteria,Xanthomonadales,Xanthomonadaceae,Lysobacter,Unknown species277,0,0,0,50
Bacteria,Proteobacteria,Gammaproteobacteria,Xanthomonadales,Xanthomonadaceae,Lysobacter,Unknown species322,0,0,0,50
Bacteria,Proteobacteria,Gammaproteobacteria,Xanthomonadales,Xanthomonadaceae,Pseudoxanthomonas,Pseudoxanthomonas mexicana,0,0,0,50
Bacteria,Proteobacteria,Gammaproteobacteria,Xanthomonadales,Xanthomonadaceae,Rhodanobacter,Unknown species15,0,0,0,50
Bacteria,Proteobacteria,Gammaproteobacteria,Xanthomonadales,Xanthomonadaceae,Rhodanobacter,Unknown species2,0,0,0,50
Bacteria,Proteobacteria,Gammaproteobacteria,Xanthomonadales,Xanthomonadaceae,Rhodanobacter,Unknown species5,0,0,0,50
Bacteria,Proteobacteria,Gammaproteobacteria,Xanthomonadales,Xanthomonadaceae,Rhodanobacter,Rhodanobacter fulvus,0,0,0,50
Bacteria,Proteobacteria,Gammaproteobacteria,Xanthomonadales,Xanthomonadaceae,Rhodanobacter,Rhodanobacter lindaniclasticus,0,0,0,50
Bacteria,Proteobacteria,Gammaproteobacteria,Xanthomonadales,Xanthomonadaceae,Rhodanobacter,Rhodanobacter spathiphylli,0,0,0,50
Bacteria,Proteobacteria,Gammaproteobacteria,Xanthomonadales,Xanthomonadaceae,Rhodanobacter,Rhodanobacter terrae,0,0,0,50
Bacteria,Proteobacteria,Gammaproteobacteria,Xanthomonadales,Xanthomonadaceae,Stenotrophomonas,Unknown species119,0,0,0,50
Bacteria,Proteobacteria,Gammaproteobacteria,Xanthomonadales,Xanthomonadaceae,Stenotrophomonas,Stenotrophomonas maltophilia,0,0,0,50
Bacteria,Proteobacteria,Gammaproteobacteria,Xanthomonadales,Xanthomonadaceae,Thermomonas,Thermomonas brevis,0,0,0,50
Bacteria,Proteobacteria,Gammaproteobacteria,Xanthomonadales,Xanthomonadaceae,Xanthomonas,Xanthomonas campestris,0,0,0,50
Bacteria,Proteobacteria,Gammaproteobacteria,Xanthomonadales,Xanthomonadaceae,Xanthomonas,Xanthomonas hortorum,0,0,0,50
Bacteria,TM7,TM7-3,EW055,Unknown family,Unknown genus6,Unknown species1,0,0,0,50
Bacteria,Verrucomicrobia,Opitutae,Opitutales,Opitutaceae,Opitutus,Unknown species103,0,0,0.000132,50
Bacteria,Verrucomicrobia,Opitutae,Opitutales,Opitutaceae,Opitutus,Unknown species104,0,0,0.001384,50
Bacteria,Verrucomicrobia,Opitutae,Opitutales,Opitutaceae,Opitutus,Unknown species37,0,0,0,50
Bacteria,Verrucomicrobia,Pedosphaerae,Pedosphaerales,Ellin517,Unknown genus37,Unknown species2,0,0,0.000582,50
Bacteria,Verrucomicrobia,Pedosphaerae,Pedosphaerales,Ellin517,Unknown genus42,Unknown species2,0,0,0,50
Bacteria,Verrucomicrobia,Pedosphaerae,Pedosphaerales,Ellin517,Unknown genus51,Unknown species1,0,0,0.000278,50
Bacteria,Verrucomicrobia,Pedosphaerae,Pedosphaerales,Unknown family,Unknown genus109,Unknown species2,0,0,0,50
Bacteria,Verrucomicrobia,Pedosphaerae,Pedosphaerales,auto67_4W,_,Unknown species22,0,0,0,50
Bacteria,Verrucomicrobia,Pedosphaerae,Pedosphaerales,auto67_4W,_,Unknown species4,0,0,0,50
Bacteria,Verrucomicrobia,Pedosphaerae,Pedosphaerales,auto67_4W,_,Unknown species50,0,0,0,50
Bacteria,Verrucomicrobia,Spartobacteria,Chthoniobacterales,Chthoniobacteraceae,Chthoniobacter,Chthoniobacter Unknown,0,0.005954,0.000151,50
Bacteria,Verrucomicrobia,Verrucomicrobiae,Verrucomicrobiales,Verrucomicrobiaceae,Luteolibacter,Unknown species85,0,0,0,50
